tank_id,t_is,h_valve,t_valve,t_set,t_min,t_max,time_index,month
83,9.6,1.0,0.0,10,9.5,10.5,2022-03-22 06:22:01,March
83,9.4,1.0,0.0,10,9.5,10.5,2022-03-22 06:23:08,March
83,9.3,1.0,0.0,10,9.5,10.5,2022-03-22 06:24:14,March
83,9.2,1.0,0.0,10,9.5,10.5,2022-03-22 06:25:20,March
83,9.3,1.0,0.0,10,9.5,10.5,2022-03-22 06:30:50,March
83,9.4,1.0,0.0,10,9.5,10.5,2022-03-22 06:31:56,March
83,9.5,1.0,0.0,10,9.5,10.5,2022-03-22 06:34:08,March
83,9.6,1.0,0.0,10,9.5,10.5,2022-03-22 06:35:14,March
83,9.7,1.0,0.0,10,9.5,10.5,2022-03-22 06:37:26,March
83,9.8,1.0,0.0,10,9.5,10.5,2022-03-22 06:38:32,March
83,9.9,1.0,0.0,10,9.5,10.5,2022-03-22 06:41:51,March
83,10.0,1.0,0.0,10,9.5,10.5,2022-03-22 06:44:04,March
83,10.1,0.0,0.0,10,9.5,10.5,2022-03-22 06:45:10,March
83,10.2,0.0,0.0,10,9.5,10.5,2022-03-22 06:47:22,March
83,10.3,0.0,1.0,10,9.5,10.5,2022-03-22 06:49:34,March
83,10.2,0.0,1.0,10,9.5,10.5,2022-03-22 06:55:05,March
83,10.1,0.0,1.0,10,9.5,10.5,2022-03-22 06:56:11,March
83,10.0,0.0,1.0,10,9.5,10.5,2022-03-22 06:59:29,March
83,10.0,0.0,0.0,10,9.5,10.5,2022-03-22 07:01:42,March
83,9.9,0.0,0.0,10,9.5,10.5,2022-03-22 07:03:54,March
83,10.0,0.0,0.0,10,9.5,10.5,2022-03-22 07:18:14,March
83,10.1,0.0,0.0,10,9.5,10.5,2022-03-22 07:25:57,March
83,10.2,0.0,0.0,10,9.5,10.5,2022-03-22 07:33:39,March
83,10.3,0.0,1.0,10,9.5,10.5,2022-03-22 07:35:52,March
83,10.2,0.0,1.0,10,9.5,10.5,2022-03-22 07:38:04,March
83,10.1,0.0,1.0,10,9.5,10.5,2022-03-22 07:39:10,March
83,9.9,0.0,0.0,10,9.5,10.5,2022-03-22 07:41:22,March
83,9.8,0.0,0.0,10,9.5,10.5,2022-03-22 07:43:34,March
83,9.8,1.0,0.0,10,9.5,10.5,2022-03-22 07:44:41,March
83,9.8,1.0,0.0,10,9.5,10.5,2022-03-22 07:48:00,March
83,9.9,1.0,0.0,10,9.5,10.5,2022-03-22 07:49:06,March
83,10.0,1.0,0.0,10,9.5,10.5,2022-03-22 07:50:12,March
83,10.0,0.0,0.0,10,9.5,10.5,2022-03-22 07:51:18,March
83,10.2,0.0,0.0,10,9.5,10.5,2022-03-22 07:52:24,March
83,10.3,0.0,1.0,10,9.5,10.5,2022-03-22 07:53:30,March
83,10.4,0.0,1.0,10,9.5,10.5,2022-03-22 07:54:36,March
83,10.3,0.0,1.0,10,9.5,10.5,2022-03-22 07:59:01,March
83,10.2,0.0,1.0,10,9.5,10.5,2022-03-22 08:00:07,March
83,10.1,0.0,1.0,10,9.5,10.5,2022-03-22 08:01:13,March
83,10.2,0.0,1.0,10,9.5,10.5,2022-03-22 08:04:32,March
83,10.1,0.0,1.0,10,9.5,10.5,2022-03-22 08:06:44,March
83,10.0,0.0,1.0,10,9.5,10.5,2022-03-22 08:11:08,March
83,10.0,0.0,0.0,10,9.5,10.5,2022-03-22 08:14:26,March
83,9.9,0.0,0.0,10,9.5,10.5,2022-03-22 08:18:51,March
83,10.0,0.0,0.0,10,9.5,10.5,2022-03-22 08:21:03,March
83,10.1,0.0,0.0,10,9.5,10.5,2022-03-22 08:23:15,March
83,10.2,0.0,0.0,10,9.5,10.5,2022-03-22 08:28:46,March
83,10.2,0.0,1.0,10,9.5,10.5,2022-03-22 08:30:58,March
83,10.3,0.0,1.0,10,9.5,10.5,2022-03-22 08:32:04,March
83,10.2,0.0,1.0,10,9.5,10.5,2022-03-22 08:35:23,March
83,10.0,0.0,1.0,10,9.5,10.5,2022-03-22 08:36:29,March
83,9.9,0.0,0.0,10,9.5,10.5,2022-03-22 08:37:35,March
83,9.8,0.0,0.0,10,9.5,10.5,2022-03-22 08:38:41,March
83,9.8,1.0,0.0,10,9.5,10.5,2022-03-22 08:40:53,March
83,9.8,1.0,0.0,10,9.5,10.5,2022-03-22 08:44:12,March
83,9.9,1.0,0.0,10,9.5,10.5,2022-03-22 08:45:18,March
83,10.0,1.0,0.0,10,9.5,10.5,2022-03-22 08:46:24,March
83,10.1,0.0,0.0,10,9.5,10.5,2022-03-22 08:47:30,March
83,10.2,0.0,0.0,10,9.5,10.5,2022-03-22 08:48:36,March
83,10.3,0.0,1.0,10,9.5,10.5,2022-03-22 08:49:42,March
83,10.4,0.0,1.0,10,9.5,10.5,2022-03-22 08:50:49,March
83,10.3,0.0,1.0,10,9.5,10.5,2022-03-22 08:51:55,March
83,10.1,0.0,1.0,10,9.5,10.5,2022-03-22 08:53:01,March
83,9.9,0.0,0.0,10,9.5,10.5,2022-03-22 08:54:07,March
83,9.7,0.0,0.0,10,9.5,10.5,2022-03-22 08:55:13,March
83,9.5,1.0,0.0,10,9.5,10.5,2022-03-22 08:56:20,March
83,9.6,1.0,0.0,10,9.5,10.5,2022-03-22 08:57:26,March
83,9.7,1.0,0.0,10,9.5,10.5,2022-03-22 08:58:32,March
83,9.8,1.0,0.0,10,9.5,10.5,2022-03-22 09:00:44,March
83,10.0,1.0,0.0,10,9.5,10.5,2022-03-22 09:01:50,March
83,10.0,0.0,0.0,10,9.5,10.5,2022-03-22 09:02:56,March
83,10.2,0.0,0.0,10,9.5,10.5,2022-03-22 09:04:02,March
83,10.3,0.0,1.0,10,9.5,10.5,2022-03-22 09:05:08,March
83,10.2,0.0,1.0,10,9.5,10.5,2022-03-22 09:10:39,March
83,10.1,0.0,1.0,10,9.5,10.5,2022-03-22 09:11:45,March
83,10.0,0.0,1.0,10,9.5,10.5,2022-03-22 09:12:51,March
83,10.0,0.0,0.0,10,9.5,10.5,2022-03-22 09:13:57,March
83,10.1,0.0,0.0,10,9.5,10.5,2022-03-22 09:16:10,March
83,10.0,0.0,0.0,10,9.5,10.5,2022-03-22 09:18:22,March
83,10.1,0.0,0.0,10,9.5,10.5,2022-03-22 09:20:35,March
83,10.2,0.0,0.0,10,9.5,10.5,2022-03-22 09:21:41,March
83,10.3,0.0,1.0,10,9.5,10.5,2022-03-22 09:22:47,March
83,10.2,0.0,1.0,10,9.5,10.5,2022-03-22 09:32:42,March
83,10.1,0.0,1.0,10,9.5,10.5,2022-03-22 09:36:00,March
83,10.2,0.0,1.0,10,9.5,10.5,2022-03-22 09:37:06,March
83,10.1,0.0,1.0,10,9.5,10.5,2022-03-22 09:39:18,March
83,10.0,0.0,0.0,10,9.5,10.5,2022-03-22 09:40:24,March
83,9.9,0.0,0.0,10,9.5,10.5,2022-03-22 09:41:30,March
83,9.8,0.0,0.0,10,9.5,10.5,2022-03-22 09:42:36,March
83,9.8,1.0,0.0,10,9.5,10.5,2022-03-22 09:43:43,March
83,9.8,1.0,0.0,10,9.5,10.5,2022-03-22 09:45:55,March
83,10.0,1.0,0.0,10,9.5,10.5,2022-03-22 09:47:01,March
83,10.3,0.0,1.0,10,9.5,10.5,2022-03-22 09:48:07,March
83,10.6,0.0,1.0,10,9.5,10.5,2022-03-22 09:49:13,March
83,10.7,0.0,1.0,10,9.5,10.5,2022-03-22 09:50:19,March
83,10.8,0.0,1.0,10,9.5,10.5,2022-03-22 09:51:25,March
83,10.7,0.0,1.0,10,9.5,10.5,2022-03-22 09:54:44,March
83,10.6,0.0,1.0,10,9.5,10.5,2022-03-22 09:55:50,March
83,10.5,0.0,1.0,10,9.5,10.5,2022-03-22 10:00:14,March
83,10.3,0.0,1.0,10,9.5,10.5,2022-03-22 10:01:21,March
83,10.1,0.0,1.0,10,9.5,10.5,2022-03-22 10:02:27,March
83,9.9,0.0,0.0,10,9.5,10.5,2022-03-22 10:03:33,March
83,9.8,0.0,0.0,10,9.5,10.5,2022-03-22 10:04:39,March
83,9.9,0.0,0.0,10,9.5,10.5,2022-03-22 10:07:57,March
83,9.8,0.0,0.0,10,9.5,10.5,2022-03-22 10:09:03,March
83,9.9,0.0,0.0,10,9.5,10.5,2022-03-22 10:15:40,March
83,10.0,0.0,0.0,10,9.5,10.5,2022-03-22 10:16:46,March
83,10.1,0.0,0.0,10,9.5,10.5,2022-03-22 10:21:12,March
83,10.2,0.0,0.0,10,9.5,10.5,2022-03-22 10:25:36,March
83,10.3,0.0,1.0,10,9.5,10.5,2022-03-22 10:26:42,March
83,10.2,0.0,1.0,10,9.5,10.5,2022-03-22 10:30:01,March
83,10.1,0.0,1.0,10,9.5,10.5,2022-03-22 10:34:25,March
83,10.0,0.0,1.0,10,9.5,10.5,2022-03-22 10:36:37,March
83,10.0,0.0,0.0,10,9.5,10.5,2022-03-22 10:37:43,March
83,9.9,0.0,0.0,10,9.5,10.5,2022-03-22 10:41:02,March
83,9.8,0.0,0.0,10,9.5,10.5,2022-03-22 10:42:08,March
83,9.9,0.0,0.0,10,9.5,10.5,2022-03-22 10:44:20,March
83,10.0,0.0,0.0,10,9.5,10.5,2022-03-22 10:48:45,March
83,10.1,0.0,0.0,10,9.5,10.5,2022-03-22 10:50:57,March
83,10.2,0.0,0.0,10,9.5,10.5,2022-03-22 10:52:03,March
83,10.4,0.0,1.0,10,9.5,10.5,2022-03-22 10:56:28,March
83,10.3,0.0,1.0,10,9.5,10.5,2022-03-22 10:59:46,March
83,10.1,0.0,1.0,10,9.5,10.5,2022-03-22 11:00:52,March
83,10.2,0.0,1.0,10,9.5,10.5,2022-03-22 11:04:10,March
83,10.1,0.0,1.0,10,9.5,10.5,2022-03-22 11:06:23,March
83,10.0,0.0,1.0,10,9.5,10.5,2022-03-22 11:09:41,March
83,10.0,0.0,0.0,10,9.5,10.5,2022-03-22 11:10:47,March
83,10.1,0.0,0.0,10,9.5,10.5,2022-03-22 11:14:06,March
83,10.2,0.0,0.0,10,9.5,10.5,2022-03-22 11:17:24,March
83,10.3,0.0,1.0,10,9.5,10.5,2022-03-22 11:18:30,March
83,10.2,0.0,1.0,10,9.5,10.5,2022-03-22 11:21:49,March
83,10.0,0.0,1.0,10,9.5,10.5,2022-03-22 11:22:55,March
83,9.8,0.0,0.0,10,9.5,10.5,2022-03-22 11:24:01,March
83,9.7,0.0,0.0,10,9.5,10.5,2022-03-22 11:26:13,March
83,9.8,1.0,0.0,10,9.5,10.5,2022-03-22 11:27:19,March
83,9.9,1.0,0.0,10,9.5,10.5,2022-03-22 11:28:25,March
83,10.1,1.0,0.0,10,9.5,10.5,2022-03-22 11:29:31,March
83,10.2,0.0,0.0,10,9.5,10.5,2022-03-22 11:30:37,March
83,10.3,0.0,1.0,10,9.5,10.5,2022-03-22 11:31:44,March
83,10.4,0.0,1.0,10,9.5,10.5,2022-03-22 11:32:50,March
83,10.3,0.0,1.0,10,9.5,10.5,2022-03-22 11:35:02,March
83,10.2,0.0,1.0,10,9.5,10.5,2022-03-22 11:36:09,March
83,9.9,0.0,0.0,10,9.5,10.5,2022-03-22 11:38:20,March
83,9.8,0.0,0.0,10,9.5,10.5,2022-03-22 11:39:27,March
83,9.9,0.0,0.0,10,9.5,10.5,2022-03-22 11:40:33,March
83,9.8,0.0,0.0,10,9.5,10.5,2022-03-22 11:42:45,March
83,9.8,1.0,0.0,10,9.5,10.5,2022-03-22 11:46:03,March
83,9.8,1.0,0.0,10,9.5,10.5,2022-03-22 11:48:15,March
83,10.0,1.0,0.0,10,9.5,10.5,2022-03-22 11:50:28,March
83,10.0,0.0,0.0,10,9.5,10.5,2022-03-22 11:51:34,March
83,10.4,0.0,1.0,10,9.5,10.5,2022-03-22 11:52:41,March
83,10.5,0.0,1.0,10,9.5,10.5,2022-03-22 11:57:06,March
83,10.7,0.0,1.0,10,9.5,10.5,2022-03-22 11:58:12,March
83,10.6,0.0,1.0,10,9.5,10.5,2022-03-22 12:02:36,March
83,10.5,0.0,1.0,10,9.5,10.5,2022-03-22 12:04:49,March
83,10.4,0.0,1.0,10,9.5,10.5,2022-03-22 12:11:25,March
83,10.3,0.0,1.0,10,9.5,10.5,2022-03-22 12:12:31,March
83,10.2,0.0,1.0,10,9.5,10.5,2022-03-22 12:13:37,March
83,10.0,0.0,1.0,10,9.5,10.5,2022-03-22 12:14:43,March
83,10.0,0.0,0.0,10,9.5,10.5,2022-03-22 12:15:50,March
83,10.2,0.0,0.0,10,9.5,10.5,2022-03-22 12:19:08,March
83,10.3,0.0,1.0,10,9.5,10.5,2022-03-22 12:21:21,March
83,10.4,0.0,1.0,10,9.5,10.5,2022-03-22 12:23:33,March
83,10.3,0.0,1.0,10,9.5,10.5,2022-03-22 12:26:51,March
83,10.4,0.0,1.0,10,9.5,10.5,2022-03-22 12:29:04,March
83,10.5,0.0,1.0,10,9.5,10.5,2022-03-22 12:32:22,March
83,10.4,0.0,1.0,10,9.5,10.5,2022-03-22 12:35:41,March
83,10.3,0.0,1.0,10,9.5,10.5,2022-03-22 12:36:47,March
83,10.2,0.0,1.0,10,9.5,10.5,2022-03-22 12:37:53,March
83,10.3,0.0,1.0,10,9.5,10.5,2022-03-22 12:38:59,March
83,10.2,0.0,1.0,10,9.5,10.5,2022-03-22 12:42:17,March
83,10.1,0.0,1.0,10,9.5,10.5,2022-03-22 12:44:30,March
83,9.9,0.0,0.0,10,9.5,10.5,2022-03-22 12:46:42,March
83,10.0,0.0,0.0,10,9.5,10.5,2022-03-22 12:55:30,March
83,10.1,0.0,0.0,10,9.5,10.5,2022-03-22 12:57:42,March
83,10.2,0.0,0.0,10,9.5,10.5,2022-03-22 12:58:49,March
83,10.3,0.0,1.0,10,9.5,10.5,2022-03-22 13:01:01,March
83,10.2,0.0,1.0,10,9.5,10.5,2022-03-22 13:03:14,March
83,10.1,0.0,1.0,10,9.5,10.5,2022-03-22 13:04:20,March
83,9.9,0.0,0.0,10,9.5,10.5,2022-03-22 13:05:26,March
83,9.8,0.0,0.0,10,9.5,10.5,2022-03-22 13:07:38,March
83,9.8,1.0,0.0,10,9.5,10.5,2022-03-22 13:12:03,March
83,9.9,1.0,0.0,10,9.5,10.5,2022-03-22 13:13:09,March
83,10.2,1.0,0.0,10,9.5,10.5,2022-03-22 13:14:15,March
83,10.5,0.0,1.0,10,9.5,10.5,2022-03-22 13:15:21,March
83,10.8,0.0,1.0,10,9.5,10.5,2022-03-22 13:16:27,March
83,11.0,0.0,1.0,10,9.5,10.5,2022-03-22 13:17:33,March
83,11.1,0.0,1.0,10,9.5,10.5,2022-03-22 13:18:39,March
83,11.0,0.0,1.0,10,9.5,10.5,2022-03-22 13:19:45,March
83,10.9,0.0,1.0,10,9.5,10.5,2022-03-22 13:23:03,March
83,10.8,0.0,1.0,10,9.5,10.5,2022-03-22 13:24:09,March
83,10.7,0.0,1.0,10,9.5,10.5,2022-03-22 13:25:16,March
83,10.6,0.0,1.0,10,9.5,10.5,2022-03-22 13:26:22,March
83,10.5,0.0,1.0,10,9.5,10.5,2022-03-22 13:27:28,March
83,10.4,0.0,1.0,10,9.5,10.5,2022-03-22 13:28:34,March
83,10.3,0.0,1.0,10,9.5,10.5,2022-03-22 13:29:40,March
83,10.2,0.0,1.0,10,9.5,10.5,2022-03-22 13:30:46,March
83,10.1,0.0,1.0,10,9.5,10.5,2022-03-22 13:31:52,March
83,10.0,0.0,1.0,10,9.5,10.5,2022-03-22 13:34:04,March
83,10.0,0.0,0.0,10,9.5,10.5,2022-03-22 13:35:11,March
83,10.1,0.0,0.0,10,9.5,10.5,2022-03-22 13:38:29,March
83,10.2,0.0,0.0,10,9.5,10.5,2022-03-22 13:40:41,March
83,10.1,0.0,0.0,10,9.5,10.5,2022-03-22 13:41:47,March
83,10.2,0.0,0.0,10,9.5,10.5,2022-03-22 13:42:53,March
83,10.3,0.0,1.0,10,9.5,10.5,2022-03-22 13:43:59,March
83,10.4,0.0,1.0,10,9.5,10.5,2022-03-22 13:45:06,March
83,10.3,0.0,1.0,10,9.5,10.5,2022-03-22 13:46:12,March
83,10.2,0.0,1.0,10,9.5,10.5,2022-03-22 13:50:36,March
83,10.1,0.0,1.0,10,9.5,10.5,2022-03-22 13:53:55,March
83,10.2,0.0,1.0,10,9.5,10.5,2022-03-22 13:56:07,March
83,10.3,0.0,1.0,10,9.5,10.5,2022-03-22 13:58:19,March
83,10.2,0.0,1.0,10,9.5,10.5,2022-03-22 13:59:26,March
83,10.0,0.0,1.0,10,9.5,10.5,2022-03-22 14:00:32,March
83,9.9,0.0,0.0,10,9.5,10.5,2022-03-22 14:01:38,March
83,9.8,0.0,0.0,10,9.5,10.5,2022-03-22 14:02:44,March
83,9.6,0.0,0.0,10,9.5,10.5,2022-03-22 14:03:50,March
83,9.8,1.0,0.0,10,9.5,10.5,2022-03-22 14:06:02,March
83,10.3,0.0,1.0,10,9.5,10.5,2022-03-22 14:07:08,March
83,10.6,0.0,1.0,10,9.5,10.5,2022-03-22 14:08:14,March
83,10.8,0.0,1.0,10,9.5,10.5,2022-03-22 14:09:20,March
83,11.1,0.0,1.0,10,9.5,10.5,2022-03-22 14:10:26,March
83,11.3,0.0,1.0,10,9.5,10.5,2022-03-22 14:11:33,March
83,11.4,0.0,1.0,10,9.5,10.5,2022-03-22 14:12:39,March
83,11.3,0.0,1.0,10,9.5,10.5,2022-03-22 14:13:45,March
83,11.2,0.0,1.0,10,9.5,10.5,2022-03-22 14:15:57,March
83,11.1,0.0,1.0,10,9.5,10.5,2022-03-22 14:17:03,March
83,11.0,0.0,1.0,10,9.5,10.5,2022-03-22 14:21:28,March
83,10.9,0.0,1.0,10,9.5,10.5,2022-03-22 14:22:34,March
83,10.8,0.0,1.0,10,9.5,10.5,2022-03-22 14:25:52,March
83,10.6,0.0,1.0,10,9.5,10.5,2022-03-22 14:26:58,March
83,10.4,0.0,1.0,10,9.5,10.5,2022-03-22 14:28:04,March
83,10.3,0.0,1.0,10,9.5,10.5,2022-03-22 14:29:11,March
83,10.4,0.0,1.0,10,9.5,10.5,2022-03-22 14:30:17,March
83,10.5,0.0,1.0,10,9.5,10.5,2022-03-22 14:31:23,March
83,10.4,0.0,1.0,10,9.5,10.5,2022-03-22 14:33:35,March
83,10.3,0.0,1.0,10,9.5,10.5,2022-03-22 14:34:41,March
83,10.4,0.0,1.0,10,9.5,10.5,2022-03-22 14:35:47,March
83,10.3,0.0,1.0,10,9.5,10.5,2022-03-22 14:39:06,March
83,10.2,0.0,1.0,10,9.5,10.5,2022-03-22 14:40:12,March
83,10.1,0.0,1.0,10,9.5,10.5,2022-03-22 14:41:18,March
83,10.2,0.0,1.0,10,9.5,10.5,2022-03-22 14:45:42,March
83,10.3,0.0,1.0,10,9.5,10.5,2022-03-22 14:47:54,March
83,10.4,0.0,1.0,10,9.5,10.5,2022-03-22 14:49:01,March
83,10.3,0.0,1.0,10,9.5,10.5,2022-03-22 14:50:07,March
83,10.2,0.0,1.0,10,9.5,10.5,2022-03-22 14:52:19,March
83,10.1,0.0,1.0,10,9.5,10.5,2022-03-22 14:54:31,March
83,10.0,0.0,1.0,10,9.5,10.5,2022-03-22 14:58:56,March
83,10.0,0.0,0.0,10,9.5,10.5,2022-03-22 15:00:02,March
83,9.9,0.0,0.0,10,9.5,10.5,2022-03-22 15:01:09,March
83,10.0,0.0,0.0,10,9.5,10.5,2022-03-22 15:05:33,March
83,10.1,0.0,0.0,10,9.5,10.5,2022-03-22 15:11:04,March
83,10.2,0.0,0.0,10,9.5,10.5,2022-03-22 15:14:22,March
83,10.2,0.0,1.0,10,9.5,10.5,2022-03-22 15:17:40,March
83,10.3,0.0,1.0,10,9.5,10.5,2022-03-22 15:18:47,March
83,10.4,0.0,1.0,10,9.5,10.5,2022-03-22 15:22:05,March
83,10.3,0.0,1.0,10,9.5,10.5,2022-03-22 15:23:11,March
83,10.2,0.0,1.0,10,9.5,10.5,2022-03-22 15:24:17,March
83,10.1,0.0,1.0,10,9.5,10.5,2022-03-22 15:25:23,March
83,9.9,0.0,0.0,10,9.5,10.5,2022-03-22 15:26:29,March
83,9.8,0.0,0.0,10,9.5,10.5,2022-03-22 15:30:54,March
83,9.8,1.0,0.0,10,9.5,10.5,2022-03-22 15:33:06,March
83,9.9,1.0,0.0,10,9.5,10.5,2022-03-22 15:35:18,March
83,9.9,0.0,0.0,10,9.5,10.5,2022-03-22 15:36:24,March
83,10.5,0.0,1.0,10,9.5,10.5,2022-03-22 15:37:30,March
83,10.8,0.0,1.0,10,9.5,10.5,2022-03-22 15:38:36,March
83,10.7,0.0,1.0,10,9.5,10.5,2022-03-22 15:43:01,March
83,10.8,0.0,1.0,10,9.5,10.5,2022-03-22 15:46:20,March
83,10.9,0.0,1.0,10,9.5,10.5,2022-03-22 15:49:38,March
83,10.8,0.0,1.0,10,9.5,10.5,2022-03-22 15:50:44,March
83,10.7,0.0,1.0,10,9.5,10.5,2022-03-22 15:52:56,March
83,10.6,0.0,1.0,10,9.5,10.5,2022-03-22 15:59:33,March
83,10.5,0.0,1.0,10,9.5,10.5,2022-03-22 16:00:39,March
83,10.4,0.0,1.0,10,9.5,10.5,2022-03-22 16:02:52,March
83,10.3,0.0,1.0,10,9.5,10.5,2022-03-22 16:06:10,March
83,10.4,0.0,1.0,10,9.5,10.5,2022-03-22 16:08:23,March
83,10.5,0.0,1.0,10,9.5,10.5,2022-03-22 16:10:35,March
83,10.4,0.0,1.0,10,9.5,10.5,2022-03-22 16:14:59,March
83,10.5,0.0,1.0,10,9.5,10.5,2022-03-22 16:16:05,March
83,10.6,0.0,1.0,10,9.5,10.5,2022-03-22 16:17:11,March
83,10.7,0.0,1.0,10,9.5,10.5,2022-03-22 16:18:18,March
83,10.6,0.0,1.0,10,9.5,10.5,2022-03-22 16:19:24,March
83,10.5,0.0,1.0,10,9.5,10.5,2022-03-22 16:21:36,March
83,10.4,0.0,1.0,10,9.5,10.5,2022-03-22 16:24:54,March
83,10.3,0.0,1.0,10,9.5,10.5,2022-03-22 16:29:19,March
83,10.2,0.0,1.0,10,9.5,10.5,2022-03-22 16:30:25,March
83,10.1,0.0,1.0,10,9.5,10.5,2022-03-22 16:32:37,March
83,10.0,0.0,0.0,10,9.5,10.5,2022-03-22 16:33:43,March
83,9.9,0.0,0.0,10,9.5,10.5,2022-03-22 16:34:49,March
83,9.8,0.0,0.0,10,9.5,10.5,2022-03-22 16:37:01,March
83,9.7,0.0,0.0,10,9.5,10.5,2022-03-22 16:38:07,March
83,9.8,1.0,0.0,10,9.5,10.5,2022-03-22 16:41:26,March
83,9.9,1.0,0.0,10,9.5,10.5,2022-03-22 16:42:32,March
83,10.0,1.0,0.0,10,9.5,10.5,2022-03-22 16:43:38,March
83,10.1,1.0,0.0,10,9.5,10.5,2022-03-22 16:44:45,March
83,10.2,0.0,0.0,10,9.5,10.5,2022-03-22 16:45:51,March
83,10.2,0.0,1.0,10,9.5,10.5,2022-03-22 16:46:57,March
83,10.3,0.0,1.0,10,9.5,10.5,2022-03-22 16:48:04,March
83,10.2,0.0,1.0,10,9.5,10.5,2022-03-22 16:49:10,March
83,9.8,0.0,0.0,10,9.5,10.5,2022-03-22 16:52:28,March
83,9.9,0.0,0.0,10,9.5,10.5,2022-03-22 16:53:34,March
83,9.8,0.0,0.0,10,9.5,10.5,2022-03-22 16:57:59,March
83,9.8,1.0,0.0,10,9.5,10.5,2022-03-22 16:59:05,March
83,9.7,1.0,0.0,10,9.5,10.5,2022-03-22 17:00:12,March
83,9.8,1.0,0.0,10,9.5,10.5,2022-03-22 17:01:18,March
83,9.9,1.0,0.0,10,9.5,10.5,2022-03-22 17:02:24,March
83,10.1,1.0,0.0,10,9.5,10.5,2022-03-22 17:03:30,March
83,10.3,0.0,1.0,10,9.5,10.5,2022-03-22 17:04:36,March
83,10.4,0.0,1.0,10,9.5,10.5,2022-03-22 17:05:42,March
83,10.5,0.0,1.0,10,9.5,10.5,2022-03-22 17:06:48,March
83,10.6,0.0,1.0,10,9.5,10.5,2022-03-22 17:07:54,March
83,10.5,0.0,1.0,10,9.5,10.5,2022-03-22 17:10:07,March
83,10.4,0.0,1.0,10,9.5,10.5,2022-03-22 17:17:50,March
83,10.3,0.0,1.0,10,9.5,10.5,2022-03-22 17:20:02,March
83,10.4,0.0,1.0,10,9.5,10.5,2022-03-22 17:24:26,March
83,10.3,0.0,1.0,10,9.5,10.5,2022-03-22 17:44:17,March
83,10.4,0.0,1.0,10,9.5,10.5,2022-03-22 17:47:35,March
83,10.3,0.0,1.0,10,9.5,10.5,2022-03-22 17:54:12,March
83,10.2,0.0,1.0,10,9.5,10.5,2022-03-22 17:55:18,March
83,10.0,0.0,1.0,10,9.5,10.5,2022-03-22 17:57:31,March
83,9.9,0.0,0.0,10,9.5,10.5,2022-03-22 17:58:37,March
83,9.8,0.0,0.0,10,9.5,10.5,2022-03-22 17:59:43,March
83,9.9,0.0,0.0,10,9.5,10.5,2022-03-22 18:00:49,March
83,9.8,0.0,0.0,10,9.5,10.5,2022-03-22 18:01:56,March
83,9.9,0.0,0.0,10,9.5,10.5,2022-03-22 18:03:02,March
83,9.8,0.0,0.0,10,9.5,10.5,2022-03-22 18:05:15,March
83,9.8,1.0,0.0,10,9.5,10.5,2022-03-22 18:06:21,March
83,9.8,1.0,0.0,10,9.5,10.5,2022-03-22 18:08:34,March
83,10.0,1.0,0.0,10,9.5,10.5,2022-03-22 18:09:40,March
83,10.0,0.0,0.0,10,9.5,10.5,2022-03-22 18:10:46,March
83,10.4,0.0,1.0,10,9.5,10.5,2022-03-22 18:11:52,March
83,10.5,0.0,1.0,10,9.5,10.5,2022-03-22 18:12:58,March
83,10.4,0.0,1.0,10,9.5,10.5,2022-03-22 18:15:11,March
83,10.3,0.0,1.0,10,9.5,10.5,2022-03-22 18:17:23,March
83,10.2,0.0,1.0,10,9.5,10.5,2022-03-22 18:21:48,March
83,10.1,0.0,1.0,10,9.5,10.5,2022-03-22 18:24:01,March
83,10.0,0.0,1.0,10,9.5,10.5,2022-03-22 18:25:07,March
83,10.1,0.0,1.0,10,9.5,10.5,2022-03-22 18:27:19,March
83,10.0,0.0,1.0,10,9.5,10.5,2022-03-22 18:29:32,March
83,10.0,0.0,0.0,10,9.5,10.5,2022-03-22 18:30:38,March
83,10.1,0.0,0.0,10,9.5,10.5,2022-03-22 18:32:50,March
83,10.0,0.0,0.0,10,9.5,10.5,2022-03-22 18:35:02,March
83,9.9,0.0,0.0,10,9.5,10.5,2022-03-22 18:36:08,March
83,10.0,0.0,0.0,10,9.5,10.5,2022-03-22 18:38:19,March
83,10.2,0.0,0.0,10,9.5,10.5,2022-03-22 18:39:26,March
83,10.3,0.0,1.0,10,9.5,10.5,2022-03-22 18:40:32,March
83,10.2,0.0,1.0,10,9.5,10.5,2022-03-22 18:44:57,March
83,10.1,0.0,1.0,10,9.5,10.5,2022-03-22 18:46:03,March
83,10.2,0.0,1.0,10,9.5,10.5,2022-03-22 18:48:16,March
83,10.3,0.0,1.0,10,9.5,10.5,2022-03-22 18:53:46,March
83,10.2,0.0,1.0,10,9.5,10.5,2022-03-22 18:54:52,March
83,10.0,0.0,0.0,10,9.5,10.5,2022-03-22 18:58:11,March
83,9.9,0.0,0.0,10,9.5,10.5,2022-03-22 18:59:17,March
83,9.8,0.0,0.0,10,9.5,10.5,2022-03-22 19:00:23,March
83,9.9,0.0,0.0,10,9.5,10.5,2022-03-22 19:01:29,March
83,10.0,0.0,0.0,10,9.5,10.5,2022-03-22 19:02:35,March
83,10.1,0.0,0.0,10,9.5,10.5,2022-03-22 19:03:42,March
83,10.2,0.0,0.0,10,9.5,10.5,2022-03-22 19:05:54,March
83,10.3,0.0,1.0,10,9.5,10.5,2022-03-22 19:07:00,March
83,10.4,0.0,1.0,10,9.5,10.5,2022-03-22 19:09:13,March
83,10.3,0.0,1.0,10,9.5,10.5,2022-03-22 19:10:19,March
83,10.4,0.0,1.0,10,9.5,10.5,2022-03-22 19:11:25,March
83,10.3,0.0,1.0,10,9.5,10.5,2022-03-22 19:12:31,March
83,10.2,0.0,1.0,10,9.5,10.5,2022-03-22 19:14:44,March
83,10.1,0.0,1.0,10,9.5,10.5,2022-03-22 19:16:56,March
83,10.0,0.0,0.0,10,9.5,10.5,2022-03-22 19:19:09,March
83,9.9,0.0,0.0,10,9.5,10.5,2022-03-22 19:24:40,March
83,9.8,0.0,0.0,10,9.5,10.5,2022-03-22 19:25:47,March
83,9.9,0.0,0.0,10,9.5,10.5,2022-03-22 19:29:06,March
83,10.0,0.0,0.0,10,9.5,10.5,2022-03-22 19:31:18,March
83,10.1,0.0,0.0,10,9.5,10.5,2022-03-22 19:35:44,March
83,10.2,0.0,0.0,10,9.5,10.5,2022-03-22 19:37:57,March
83,10.3,0.0,1.0,10,9.5,10.5,2022-03-22 19:39:03,March
83,10.2,0.0,1.0,10,9.5,10.5,2022-03-22 19:41:15,March
83,10.1,0.0,1.0,10,9.5,10.5,2022-03-22 19:43:27,March
83,10.0,0.0,1.0,10,9.5,10.5,2022-03-22 19:44:34,March
83,10.0,0.0,0.0,10,9.5,10.5,2022-03-22 19:45:40,March
83,9.9,0.0,0.0,10,9.5,10.5,2022-03-22 19:47:52,March
83,9.8,0.0,0.0,10,9.5,10.5,2022-03-22 19:54:30,March
83,9.9,0.0,0.0,10,9.5,10.5,2022-03-22 19:57:49,March
83,10.0,0.0,0.0,10,9.5,10.5,2022-03-22 19:58:56,March
83,10.1,0.0,0.0,10,9.5,10.5,2022-03-22 20:01:08,March
83,10.2,0.0,0.0,10,9.5,10.5,2022-03-22 20:03:20,March
83,10.3,0.0,1.0,10,9.5,10.5,2022-03-22 20:04:27,March
83,10.1,0.0,1.0,10,9.5,10.5,2022-03-22 20:07:45,March
83,9.9,0.0,0.0,10,9.5,10.5,2022-03-22 20:08:51,March
83,9.8,0.0,0.0,10,9.5,10.5,2022-03-22 20:09:57,March
83,9.9,0.0,0.0,10,9.5,10.5,2022-03-22 20:11:03,March
83,9.8,0.0,0.0,10,9.5,10.5,2022-03-22 20:14:22,March
83,9.9,0.0,0.0,10,9.5,10.5,2022-03-22 20:16:34,March
83,10.0,0.0,0.0,10,9.5,10.5,2022-03-22 20:19:52,March
83,10.1,0.0,0.0,10,9.5,10.5,2022-03-22 20:20:58,March
83,10.2,0.0,0.0,10,9.5,10.5,2022-03-22 20:23:10,March
83,10.3,0.0,1.0,10,9.5,10.5,2022-03-22 20:24:17,March
83,10.2,0.0,1.0,10,9.5,10.5,2022-03-22 20:28:41,March
83,10.1,0.0,1.0,10,9.5,10.5,2022-03-22 20:29:47,March
83,10.0,0.0,1.0,10,9.5,10.5,2022-03-22 20:30:54,March
83,9.9,0.0,0.0,10,9.5,10.5,2022-03-22 20:32:00,March
83,9.8,0.0,0.0,10,9.5,10.5,2022-03-22 20:33:06,March
83,9.7,0.0,0.0,10,9.5,10.5,2022-03-22 20:35:19,March
83,9.8,1.0,0.0,10,9.5,10.5,2022-03-22 20:36:25,March
83,10.0,1.0,0.0,10,9.5,10.5,2022-03-22 20:37:31,March
83,10.0,0.0,0.0,10,9.5,10.5,2022-03-22 20:38:37,March
83,10.4,0.0,1.0,10,9.5,10.5,2022-03-22 20:39:43,March
83,10.5,0.0,1.0,10,9.5,10.5,2022-03-22 20:40:49,March
83,10.4,0.0,1.0,10,9.5,10.5,2022-03-22 20:45:14,March
83,10.3,0.0,1.0,10,9.5,10.5,2022-03-22 20:47:26,March
83,10.4,0.0,1.0,10,9.5,10.5,2022-03-22 20:50:44,March
83,10.5,0.0,1.0,10,9.5,10.5,2022-03-22 20:51:50,March
83,10.6,0.0,1.0,10,9.5,10.5,2022-03-22 20:54:02,March
83,10.7,0.0,1.0,10,9.5,10.5,2022-03-22 20:56:15,March
83,10.6,0.0,1.0,10,9.5,10.5,2022-03-22 20:57:20,March
83,10.5,0.0,1.0,10,9.5,10.5,2022-03-22 21:02:51,March
83,10.3,0.0,1.0,10,9.5,10.5,2022-03-22 21:05:04,March
83,10.2,0.0,1.0,10,9.5,10.5,2022-03-22 21:06:10,March
83,10.1,0.0,1.0,10,9.5,10.5,2022-03-22 21:08:22,March
83,10.0,0.0,0.0,10,9.5,10.5,2022-03-22 21:09:28,March
83,9.9,0.0,0.0,10,9.5,10.5,2022-03-22 21:10:34,March
83,9.8,0.0,0.0,10,9.5,10.5,2022-03-22 21:11:41,March
83,9.8,1.0,0.0,10,9.5,10.5,2022-03-22 21:12:47,March
83,9.8,1.0,0.0,10,9.5,10.5,2022-03-22 21:14:59,March
83,9.9,1.0,0.0,10,9.5,10.5,2022-03-22 21:16:05,March
83,10.0,1.0,0.0,10,9.5,10.5,2022-03-22 21:17:11,March
83,10.1,0.0,0.0,10,9.5,10.5,2022-03-22 21:18:17,March
83,10.3,0.0,1.0,10,9.5,10.5,2022-03-22 21:19:23,March
83,10.4,0.0,1.0,10,9.5,10.5,2022-03-22 21:20:30,March
83,10.3,0.0,1.0,10,9.5,10.5,2022-03-22 21:21:36,March
83,10.2,0.0,1.0,10,9.5,10.5,2022-03-22 21:22:42,March
83,10.0,0.0,1.0,10,9.5,10.5,2022-03-22 21:23:48,March
83,10.0,0.0,0.0,10,9.5,10.5,2022-03-22 21:24:54,March
83,9.9,0.0,0.0,10,9.5,10.5,2022-03-22 21:26:00,March
83,10.0,0.0,0.0,10,9.5,10.5,2022-03-22 21:27:06,March
83,10.1,0.0,0.0,10,9.5,10.5,2022-03-22 21:30:24,March
83,10.2,0.0,0.0,10,9.5,10.5,2022-03-22 21:33:43,March
83,10.3,0.0,1.0,10,9.5,10.5,2022-03-22 21:39:14,March
83,10.4,0.0,1.0,10,9.5,10.5,2022-03-22 21:40:20,March
83,10.3,0.0,1.0,10,9.5,10.5,2022-03-22 21:44:45,March
83,10.2,0.0,1.0,10,9.5,10.5,2022-03-22 21:45:51,March
83,10.1,0.0,1.0,10,9.5,10.5,2022-03-22 21:46:57,March
83,10.0,0.0,0.0,10,9.5,10.5,2022-03-22 21:49:10,March
83,9.8,0.0,0.0,10,9.5,10.5,2022-03-22 21:50:16,March
83,9.7,0.0,0.0,10,9.5,10.5,2022-03-22 21:52:28,March
83,10.0,1.0,0.0,10,9.5,10.5,2022-03-22 21:54:40,March
83,10.0,0.0,0.0,10,9.5,10.5,2022-03-22 21:55:46,March
83,10.3,0.0,1.0,10,9.5,10.5,2022-03-22 21:56:53,March
83,10.4,0.0,1.0,10,9.5,10.5,2022-03-22 21:57:59,March
83,10.5,0.0,1.0,10,9.5,10.5,2022-03-22 21:59:05,March
83,10.6,0.0,1.0,10,9.5,10.5,2022-03-22 22:00:11,March
83,10.7,0.0,1.0,10,9.5,10.5,2022-03-22 22:12:18,March
83,10.6,0.0,1.0,10,9.5,10.5,2022-03-22 22:13:24,March
83,10.7,0.0,1.0,10,9.5,10.5,2022-03-22 22:14:30,March
83,10.6,0.0,1.0,10,9.5,10.5,2022-03-22 22:20:00,March
83,10.5,0.0,1.0,10,9.5,10.5,2022-03-22 22:22:13,March
83,10.6,0.0,1.0,10,9.5,10.5,2022-03-22 22:23:19,March
83,10.5,0.0,1.0,10,9.5,10.5,2022-03-22 22:26:37,March
83,10.4,0.0,1.0,10,9.5,10.5,2022-03-22 22:32:08,March
83,10.5,0.0,1.0,10,9.5,10.5,2022-03-22 22:33:14,March
83,10.6,0.0,1.0,10,9.5,10.5,2022-03-22 22:37:38,March
83,10.4,0.0,1.0,10,9.5,10.5,2022-03-22 22:40:56,March
83,10.3,0.0,1.0,10,9.5,10.5,2022-03-22 22:43:09,March
83,10.1,0.0,1.0,10,9.5,10.5,2022-03-22 22:44:15,March
83,9.8,0.0,0.0,10,9.5,10.5,2022-03-22 22:46:27,March
83,9.6,0.0,0.0,10,9.5,10.5,2022-03-22 22:47:33,March
83,9.7,1.0,0.0,10,9.5,10.5,2022-03-22 22:49:45,March
83,9.8,1.0,0.0,10,9.5,10.5,2022-03-22 22:50:51,March
83,10.0,1.0,0.0,10,9.5,10.5,2022-03-22 22:51:57,March
83,10.2,0.0,0.0,10,9.5,10.5,2022-03-22 22:53:04,March
83,10.4,0.0,1.0,10,9.5,10.5,2022-03-22 22:54:10,March
83,10.5,0.0,1.0,10,9.5,10.5,2022-03-22 22:55:16,March
83,10.6,0.0,1.0,10,9.5,10.5,2022-03-22 22:58:35,March
83,10.4,0.0,1.0,10,9.5,10.5,2022-03-22 23:01:53,March
83,10.2,0.0,1.0,10,9.5,10.5,2022-03-22 23:02:59,March
83,10.0,0.0,1.0,10,9.5,10.5,2022-03-22 23:04:05,March
83,10.0,0.0,0.0,10,9.5,10.5,2022-03-22 23:06:17,March
83,10.1,0.0,0.0,10,9.5,10.5,2022-03-22 23:07:23,March
83,10.2,0.0,0.0,10,9.5,10.5,2022-03-22 23:08:29,March
83,10.3,0.0,1.0,10,9.5,10.5,2022-03-22 23:09:35,March
83,10.2,0.0,1.0,10,9.5,10.5,2022-03-22 23:10:42,March
83,10.1,0.0,1.0,10,9.5,10.5,2022-03-22 23:11:48,March
83,10.2,0.0,1.0,10,9.5,10.5,2022-03-22 23:14:00,March
83,10.1,0.0,1.0,10,9.5,10.5,2022-03-22 23:15:07,March
83,10.0,0.0,0.0,10,9.5,10.5,2022-03-22 23:18:26,March
83,10.1,0.0,0.0,10,9.5,10.5,2022-03-22 23:19:33,March
83,10.2,0.0,0.0,10,9.5,10.5,2022-03-22 23:20:39,March
83,10.3,0.0,1.0,10,9.5,10.5,2022-03-22 23:21:45,March
83,10.2,0.0,1.0,10,9.5,10.5,2022-03-22 23:25:03,March
83,10.1,0.0,1.0,10,9.5,10.5,2022-03-22 23:26:09,March
83,10.2,0.0,1.0,10,9.5,10.5,2022-03-22 23:31:40,March
83,10.3,0.0,1.0,10,9.5,10.5,2022-03-22 23:32:46,March
83,10.4,0.0,1.0,10,9.5,10.5,2022-03-22 23:34:58,March
83,10.5,0.0,1.0,10,9.5,10.5,2022-03-22 23:37:10,March
83,10.4,0.0,1.0,10,9.5,10.5,2022-03-22 23:38:17,March
83,10.2,0.0,1.0,10,9.5,10.5,2022-03-22 23:40:29,March
83,10.1,0.0,1.0,10,9.5,10.5,2022-03-22 23:41:35,March
83,10.0,0.0,0.0,10,9.5,10.5,2022-03-22 23:42:41,March
83,9.8,0.0,0.0,10,9.5,10.5,2022-03-22 23:43:47,March
83,9.9,0.0,0.0,10,9.5,10.5,2022-03-22 23:47:05,March
83,10.0,0.0,0.0,10,9.5,10.5,2022-03-22 23:48:11,March
83,10.1,0.0,0.0,10,9.5,10.5,2022-03-22 23:49:17,March
83,10.4,0.0,1.0,10,9.5,10.5,2022-03-22 23:52:36,March
83,10.5,0.0,1.0,10,9.5,10.5,2022-03-22 23:53:42,March
83,10.6,0.0,1.0,10,9.5,10.5,2022-03-22 23:57:00,March
83,10.5,0.0,1.0,10,9.5,10.5,2022-03-23 00:03:37,March
83,10.4,0.0,1.0,10,9.5,10.5,2022-03-23 00:04:43,March
83,10.2,0.0,1.0,10,9.5,10.5,2022-03-23 00:05:49,March
83,10.1,0.0,1.0,10,9.5,10.5,2022-03-23 00:09:07,March
83,9.9,0.0,0.0,10,9.5,10.5,2022-03-23 00:11:20,March
83,9.7,0.0,0.0,10,9.5,10.5,2022-03-23 00:12:26,March
83,9.5,1.0,0.0,10,9.5,10.5,2022-03-23 00:13:32,March
83,9.6,1.0,0.0,10,9.5,10.5,2022-03-23 00:15:44,March
83,9.9,1.0,0.0,10,9.5,10.5,2022-03-23 00:16:50,March
83,10.1,1.0,0.0,10,9.5,10.5,2022-03-23 00:17:56,March
83,10.3,0.0,1.0,10,9.5,10.5,2022-03-23 00:19:02,March
83,10.4,0.0,1.0,10,9.5,10.5,2022-03-23 00:20:08,March
83,10.5,0.0,1.0,10,9.5,10.5,2022-03-23 00:21:15,March
83,10.6,0.0,1.0,10,9.5,10.5,2022-03-23 00:22:21,March
83,10.5,0.0,1.0,10,9.5,10.5,2022-03-23 00:26:44,March
83,10.4,0.0,1.0,10,9.5,10.5,2022-03-23 00:32:15,March
83,10.2,0.0,1.0,10,9.5,10.5,2022-03-23 00:38:52,March
83,10.1,0.0,1.0,10,9.5,10.5,2022-03-23 00:39:58,March
83,9.9,0.0,0.0,10,9.5,10.5,2022-03-23 00:41:04,March
83,9.9,1.0,0.0,10,9.5,10.5,2022-03-23 00:42:10,March
83,9.8,1.0,0.0,10,9.5,10.5,2022-03-23 00:44:22,March
83,10.1,1.0,0.0,10,9.5,10.5,2022-03-23 00:45:28,March
83,10.2,0.0,1.0,10,9.5,10.5,2022-03-23 00:46:34,March
83,10.3,0.0,1.0,10,9.5,10.5,2022-03-23 00:47:40,March
83,10.5,0.0,1.0,10,9.5,10.5,2022-03-23 00:48:47,March
83,10.6,0.0,1.0,10,9.5,10.5,2022-03-23 00:50:59,March
83,10.7,0.0,1.0,10,9.5,10.5,2022-03-23 00:52:05,March
83,10.8,0.0,1.0,10,9.5,10.5,2022-03-23 00:56:30,March
83,10.7,0.0,1.0,10,9.5,10.5,2022-03-23 01:00:55,March
83,10.5,0.0,1.0,10,9.5,10.5,2022-03-23 01:02:01,March
83,10.4,0.0,1.0,10,9.5,10.5,2022-03-23 01:03:07,March
83,10.3,0.0,1.0,10,9.5,10.5,2022-03-23 01:04:13,March
83,10.4,0.0,1.0,10,9.5,10.5,2022-03-23 01:05:19,March
83,10.5,0.0,1.0,10,9.5,10.5,2022-03-23 01:06:25,March
83,10.6,0.0,1.0,10,9.5,10.5,2022-03-23 01:07:31,March
83,10.5,0.0,1.0,10,9.5,10.5,2022-03-23 01:08:37,March
83,10.6,0.0,1.0,10,9.5,10.5,2022-03-23 01:11:56,March
83,10.7,0.0,1.0,10,9.5,10.5,2022-03-23 01:14:09,March
83,10.6,0.0,1.0,10,9.5,10.5,2022-03-23 01:22:57,March
83,10.5,0.0,1.0,10,9.5,10.5,2022-03-23 01:24:03,March
83,10.4,0.0,1.0,10,9.5,10.5,2022-03-23 01:25:09,March
83,10.5,0.0,1.0,10,9.5,10.5,2022-03-23 01:26:16,March
83,10.6,0.0,1.0,10,9.5,10.5,2022-03-23 01:27:22,March
83,10.7,0.0,1.0,10,9.5,10.5,2022-03-23 01:30:40,March
83,10.8,0.0,1.0,10,9.5,10.5,2022-03-23 01:32:52,March
83,10.7,0.0,1.0,10,9.5,10.5,2022-03-23 01:36:10,March
83,10.8,0.0,1.0,10,9.5,10.5,2022-03-23 01:38:23,March
83,10.7,0.0,1.0,10,9.5,10.5,2022-03-23 01:40:35,March
83,10.6,0.0,1.0,10,9.5,10.5,2022-03-23 01:41:41,March
83,10.5,0.0,1.0,10,9.5,10.5,2022-03-23 01:42:47,March
83,10.4,0.0,1.0,10,9.5,10.5,2022-03-23 01:44:59,March
83,10.2,0.0,1.0,10,9.5,10.5,2022-03-23 01:49:23,March
83,10.1,0.0,1.0,10,9.5,10.5,2022-03-23 01:50:30,March
83,10.0,0.0,0.0,10,9.5,10.5,2022-03-23 01:51:36,March
83,9.8,0.0,0.0,10,9.5,10.5,2022-03-23 01:52:42,March
83,9.8,1.0,0.0,10,9.5,10.5,2022-03-23 01:53:48,March
83,9.6,1.0,0.0,10,9.5,10.5,2022-03-23 01:54:54,March
83,9.7,1.0,0.0,10,9.5,10.5,2022-03-23 01:57:06,March
83,9.8,1.0,0.0,10,9.5,10.5,2022-03-23 01:58:12,March
83,9.8,0.0,0.0,10,9.5,10.5,2022-03-23 01:59:19,March
83,10.2,0.0,0.0,10,9.5,10.5,2022-03-23 02:00:25,March
83,10.3,0.0,1.0,10,9.5,10.5,2022-03-23 02:01:31,March
83,10.4,0.0,1.0,10,9.5,10.5,2022-03-23 02:02:37,March
83,10.3,0.0,1.0,10,9.5,10.5,2022-03-23 02:04:49,March
83,10.4,0.0,1.0,10,9.5,10.5,2022-03-23 02:05:55,March
83,10.3,0.0,1.0,10,9.5,10.5,2022-03-23 02:07:01,March
83,10.4,0.0,1.0,10,9.5,10.5,2022-03-23 02:08:08,March
83,10.3,0.0,1.0,10,9.5,10.5,2022-03-23 02:13:38,March
83,10.2,0.0,1.0,10,9.5,10.5,2022-03-23 02:14:44,March
83,10.1,0.0,1.0,10,9.5,10.5,2022-03-23 02:15:50,March
83,10.0,0.0,1.0,10,9.5,10.5,2022-03-23 02:19:08,March
83,10.0,0.0,0.0,10,9.5,10.5,2022-03-23 02:20:15,March
83,9.9,0.0,0.0,10,9.5,10.5,2022-03-23 02:21:21,March
83,10.0,0.0,0.0,10,9.5,10.5,2022-03-23 02:22:27,March
83,10.1,0.0,0.0,10,9.5,10.5,2022-03-23 02:23:33,March
83,10.3,0.0,1.0,10,9.5,10.5,2022-03-23 02:24:39,March
83,10.4,0.0,1.0,10,9.5,10.5,2022-03-23 02:25:45,March
83,10.5,0.0,1.0,10,9.5,10.5,2022-03-23 02:26:51,March
83,10.6,0.0,1.0,10,9.5,10.5,2022-03-23 02:29:03,March
83,10.5,0.0,1.0,10,9.5,10.5,2022-03-23 02:37:54,March
83,10.4,0.0,1.0,10,9.5,10.5,2022-03-23 02:39:00,March
83,10.3,0.0,1.0,10,9.5,10.5,2022-03-23 02:41:12,March
83,10.4,0.0,1.0,10,9.5,10.5,2022-03-23 02:42:18,March
83,10.5,0.0,1.0,10,9.5,10.5,2022-03-23 02:44:30,March
83,10.6,0.0,1.0,10,9.5,10.5,2022-03-23 02:48:55,March
83,10.7,0.0,1.0,10,9.5,10.5,2022-03-23 02:51:07,March
83,10.6,0.0,1.0,10,9.5,10.5,2022-03-23 02:55:31,March
83,10.7,0.0,1.0,10,9.5,10.5,2022-03-23 02:57:44,March
83,10.6,0.0,1.0,10,9.5,10.5,2022-03-23 02:59:57,March
83,10.7,0.0,1.0,10,9.5,10.5,2022-03-23 03:05:27,March
83,10.6,0.0,1.0,10,9.5,10.5,2022-03-23 03:08:46,March
83,10.4,0.0,1.0,10,9.5,10.5,2022-03-23 03:09:52,March
83,10.3,0.0,1.0,10,9.5,10.5,2022-03-23 03:10:58,March
83,10.2,0.0,1.0,10,9.5,10.5,2022-03-23 03:12:04,March
83,10.0,0.0,1.0,10,9.5,10.5,2022-03-23 03:13:10,March
83,10.0,0.0,0.0,10,9.5,10.5,2022-03-23 03:14:16,March
83,9.9,0.0,0.0,10,9.5,10.5,2022-03-23 03:15:22,March
83,9.8,0.0,0.0,10,9.5,10.5,2022-03-23 03:16:29,March
83,9.9,0.0,0.0,10,9.5,10.5,2022-03-23 03:25:17,March
83,10.0,0.0,0.0,10,9.5,10.5,2022-03-23 03:26:23,March
83,10.1,0.0,0.0,10,9.5,10.5,2022-03-23 03:27:29,March
83,10.2,0.0,0.0,10,9.5,10.5,2022-03-23 03:28:35,March
83,10.3,0.0,1.0,10,9.5,10.5,2022-03-23 03:30:48,March
83,10.4,0.0,1.0,10,9.5,10.5,2022-03-23 03:31:54,March
83,10.3,0.0,1.0,10,9.5,10.5,2022-03-23 03:33:00,March
83,10.2,0.0,1.0,10,9.5,10.5,2022-03-23 03:34:06,March
83,10.1,0.0,1.0,10,9.5,10.5,2022-03-23 03:35:12,March
83,10.0,0.0,1.0,10,9.5,10.5,2022-03-23 03:36:18,March
83,10.0,0.0,0.0,10,9.5,10.5,2022-03-23 03:37:24,March
83,9.8,0.0,0.0,10,9.5,10.5,2022-03-23 03:38:31,March
83,9.6,0.0,0.0,10,9.5,10.5,2022-03-23 03:39:37,March
83,9.8,1.0,0.0,10,9.5,10.5,2022-03-23 03:41:49,March
83,9.8,0.0,0.0,10,9.5,10.5,2022-03-23 03:42:56,March
83,10.3,0.0,1.0,10,9.5,10.5,2022-03-23 03:44:02,March
83,10.5,0.0,1.0,10,9.5,10.5,2022-03-23 03:45:08,March
83,10.6,0.0,1.0,10,9.5,10.5,2022-03-23 03:46:14,March
83,10.7,0.0,1.0,10,9.5,10.5,2022-03-23 03:47:20,March
83,10.8,0.0,1.0,10,9.5,10.5,2022-03-23 03:50:38,March
83,10.7,0.0,1.0,10,9.5,10.5,2022-03-23 03:51:45,March
83,10.8,0.0,1.0,10,9.5,10.5,2022-03-23 03:55:03,March
83,10.7,0.0,1.0,10,9.5,10.5,2022-03-23 03:56:09,March
83,10.6,0.0,1.0,10,9.5,10.5,2022-03-23 03:57:15,March
83,10.5,0.0,1.0,10,9.5,10.5,2022-03-23 03:58:21,March
83,10.4,0.0,1.0,10,9.5,10.5,2022-03-23 04:03:52,March
83,10.5,0.0,1.0,10,9.5,10.5,2022-03-23 04:04:58,March
83,10.6,0.0,1.0,10,9.5,10.5,2022-03-23 04:06:04,March
83,10.7,0.0,1.0,10,9.5,10.5,2022-03-23 04:11:35,March
83,10.8,0.0,1.0,10,9.5,10.5,2022-03-23 04:17:06,March
83,10.9,0.0,1.0,10,9.5,10.5,2022-03-23 04:22:37,March
83,10.8,0.0,1.0,10,9.5,10.5,2022-03-23 04:24:49,March
83,10.9,0.0,1.0,10,9.5,10.5,2022-03-23 04:31:26,March
83,10.8,0.0,1.0,10,9.5,10.5,2022-03-23 04:32:33,March
83,10.7,0.0,1.0,10,9.5,10.5,2022-03-23 04:33:39,March
83,10.6,0.0,1.0,10,9.5,10.5,2022-03-23 04:35:51,March
83,10.5,0.0,1.0,10,9.5,10.5,2022-03-23 04:38:03,March
83,10.4,0.0,1.0,10,9.5,10.5,2022-03-23 04:39:09,March
83,10.2,0.0,1.0,10,9.5,10.5,2022-03-23 04:40:15,March
83,10.1,0.0,1.0,10,9.5,10.5,2022-03-23 04:41:21,March
83,10.0,0.0,1.0,10,9.5,10.5,2022-03-23 04:42:27,March
83,9.9,0.0,0.0,10,9.5,10.5,2022-03-23 04:43:33,March
83,9.8,0.0,0.0,10,9.5,10.5,2022-03-23 04:44:40,March
83,9.8,1.0,0.0,10,9.5,10.5,2022-03-23 04:45:46,March
83,10.0,0.0,0.0,10,9.5,10.5,2022-03-23 04:49:04,March
83,10.4,0.0,1.0,10,9.5,10.5,2022-03-23 04:50:10,March
83,10.6,0.0,1.0,10,9.5,10.5,2022-03-23 04:51:16,March
83,10.5,0.0,1.0,10,9.5,10.5,2022-03-23 04:55:41,March
83,10.4,0.0,1.0,10,9.5,10.5,2022-03-23 04:56:47,March
83,10.2,0.0,1.0,10,9.5,10.5,2022-03-23 05:02:17,March
83,10.0,0.0,1.0,10,9.5,10.5,2022-03-23 05:03:23,March
83,9.8,0.0,0.0,10,9.5,10.5,2022-03-23 05:04:29,March
83,10.0,0.0,0.0,10,9.5,10.5,2022-03-23 05:06:41,March
83,10.1,0.0,0.0,10,9.5,10.5,2022-03-23 05:07:48,March
83,10.2,0.0,0.0,10,9.5,10.5,2022-03-23 05:08:54,March
83,10.3,0.0,1.0,10,9.5,10.5,2022-03-23 05:10:00,March
83,10.4,0.0,1.0,10,9.5,10.5,2022-03-23 05:11:06,March
83,10.5,0.0,1.0,10,9.5,10.5,2022-03-23 05:14:24,March
83,10.4,0.0,1.0,10,9.5,10.5,2022-03-23 05:15:31,March
83,10.3,0.0,1.0,10,9.5,10.5,2022-03-23 05:17:43,March
83,10.4,0.0,1.0,10,9.5,10.5,2022-03-23 05:18:49,March
83,10.5,0.0,1.0,10,9.5,10.5,2022-03-23 05:19:55,March
83,10.4,0.0,1.0,10,9.5,10.5,2022-03-23 05:28:44,March
83,10.3,0.0,1.0,10,9.5,10.5,2022-03-23 05:32:02,March
83,10.4,0.0,1.0,10,9.5,10.5,2022-03-23 05:35:20,March
83,10.5,0.0,1.0,10,9.5,10.5,2022-03-23 05:37:33,March
83,10.6,0.0,1.0,10,9.5,10.5,2022-03-23 05:41:58,March
83,10.7,0.0,1.0,10,9.5,10.5,2022-03-23 05:51:53,March
83,10.6,0.0,1.0,10,9.5,10.5,2022-03-23 05:54:05,March
83,10.7,0.0,1.0,10,9.5,10.5,2022-03-23 05:56:17,March
83,10.6,0.0,1.0,10,9.5,10.5,2022-03-23 06:01:48,March
83,10.5,0.0,1.0,10,9.5,10.5,2022-03-23 06:08:25,March
83,10.4,0.0,1.0,10,9.5,10.5,2022-03-23 06:11:43,March
83,10.1,0.0,1.0,10,9.5,10.5,2022-03-23 06:12:49,March
83,9.9,0.0,0.0,10,9.5,10.5,2022-03-23 06:13:56,March
83,9.9,1.0,0.0,10,9.5,10.5,2022-03-23 06:15:02,March
83,9.6,1.0,0.0,10,9.5,10.5,2022-03-23 06:16:08,March
83,9.9,1.0,0.0,10,9.5,10.5,2022-03-23 06:18:20,March
83,9.9,0.0,0.0,10,9.5,10.5,2022-03-23 06:19:26,March
83,10.3,0.0,1.0,10,9.5,10.5,2022-03-23 06:20:32,March
83,10.5,0.0,1.0,10,9.5,10.5,2022-03-23 06:21:38,March
83,10.6,0.0,1.0,10,9.5,10.5,2022-03-23 06:23:50,March
83,10.5,0.0,1.0,10,9.5,10.5,2022-03-23 06:24:56,March
83,10.4,0.0,1.0,10,9.5,10.5,2022-03-23 06:26:02,March
83,10.3,0.0,1.0,10,9.5,10.5,2022-03-23 06:28:15,March
83,10.2,0.0,1.0,10,9.5,10.5,2022-03-23 06:29:21,March
83,10.1,0.0,1.0,10,9.5,10.5,2022-03-23 06:30:27,March
83,10.0,0.0,1.0,10,9.5,10.5,2022-03-23 06:31:33,March
83,10.1,0.0,1.0,10,9.5,10.5,2022-03-23 06:32:39,March
83,10.3,0.0,1.0,10,9.5,10.5,2022-03-23 06:33:45,March
83,10.4,0.0,1.0,10,9.5,10.5,2022-03-23 06:34:51,March
83,10.5,0.0,1.0,10,9.5,10.5,2022-03-23 06:35:58,March
83,10.4,0.0,1.0,10,9.5,10.5,2022-03-23 06:40:22,March
83,10.3,0.0,1.0,10,9.5,10.5,2022-03-23 06:41:28,March
83,10.2,0.0,1.0,10,9.5,10.5,2022-03-23 06:44:46,March
83,10.1,0.0,1.0,10,9.5,10.5,2022-03-23 06:45:53,March
83,9.9,0.0,0.0,10,9.5,10.5,2022-03-23 06:46:59,March
83,9.8,0.0,0.0,10,9.5,10.5,2022-03-23 06:48:05,March
83,9.8,1.0,0.0,10,9.5,10.5,2022-03-23 06:49:11,March
83,9.9,1.0,0.0,10,9.5,10.5,2022-03-23 06:51:23,March
83,10.1,1.0,0.0,10,9.5,10.5,2022-03-23 06:52:29,March
83,10.4,0.0,1.0,10,9.5,10.5,2022-03-23 06:53:35,March
83,10.6,0.0,1.0,10,9.5,10.5,2022-03-23 06:54:41,March
83,10.8,0.0,1.0,10,9.5,10.5,2022-03-23 06:55:48,March
83,10.9,0.0,1.0,10,9.5,10.5,2022-03-23 06:56:54,March
83,11.0,0.0,1.0,10,9.5,10.5,2022-03-23 06:58:00,March
83,11.1,0.0,1.0,10,9.5,10.5,2022-03-23 07:00:12,March
83,11.0,0.0,1.0,10,9.5,10.5,2022-03-23 07:02:24,March
83,10.9,0.0,1.0,10,9.5,10.5,2022-03-23 07:03:31,March
83,10.8,0.0,1.0,10,9.5,10.5,2022-03-23 07:04:37,March
83,10.9,0.0,1.0,10,9.5,10.5,2022-03-23 07:05:43,March
83,10.8,0.0,1.0,10,9.5,10.5,2022-03-23 07:07:55,March
83,10.9,0.0,1.0,10,9.5,10.5,2022-03-23 07:09:01,March
83,11.0,0.0,1.0,10,9.5,10.5,2022-03-23 07:10:07,March
83,11.1,0.0,1.0,10,9.5,10.5,2022-03-23 07:17:50,March
83,11.0,0.0,1.0,10,9.5,10.5,2022-03-23 07:18:56,March
83,10.9,0.0,1.0,10,9.5,10.5,2022-03-23 07:20:02,March
83,11.0,0.0,1.0,10,9.5,10.5,2022-03-23 07:27:46,March
83,11.1,0.0,1.0,10,9.5,10.5,2022-03-23 07:28:52,March
83,11.0,0.0,1.0,10,9.5,10.5,2022-03-23 07:29:58,March
83,10.9,0.0,1.0,10,9.5,10.5,2022-03-23 07:33:17,March
83,10.7,0.0,1.0,10,9.5,10.5,2022-03-23 07:34:23,March
83,10.5,0.0,1.0,10,9.5,10.5,2022-03-23 07:35:29,March
83,10.4,0.0,1.0,10,9.5,10.5,2022-03-23 07:36:36,March
83,10.3,0.0,1.0,10,9.5,10.5,2022-03-23 07:39:54,March
83,10.2,0.0,1.0,10,9.5,10.5,2022-03-23 07:41:00,March
83,10.1,0.0,1.0,10,9.5,10.5,2022-03-23 07:42:07,March
83,10.0,0.0,1.0,10,9.5,10.5,2022-03-23 07:43:13,March
83,9.9,0.0,0.0,10,9.5,10.5,2022-03-23 07:44:19,March
83,9.9,1.0,0.0,10,9.5,10.5,2022-03-23 07:45:26,March
83,9.5,1.0,0.0,10,9.5,10.5,2022-03-23 07:46:32,March
83,9.6,1.0,0.0,10,9.5,10.5,2022-03-23 07:48:44,March
83,9.9,1.0,0.0,10,9.5,10.5,2022-03-23 07:49:50,March
83,9.9,0.0,0.0,10,9.5,10.5,2022-03-23 07:50:56,March
83,10.4,0.0,1.0,10,9.5,10.5,2022-03-23 07:52:02,March
83,10.5,0.0,1.0,10,9.5,10.5,2022-03-23 07:53:08,March
83,10.6,0.0,1.0,10,9.5,10.5,2022-03-23 07:54:14,March
83,10.7,0.0,1.0,10,9.5,10.5,2022-03-23 07:55:20,March
83,10.6,0.0,1.0,10,9.5,10.5,2022-03-23 07:57:33,March
83,10.4,0.0,1.0,10,9.5,10.5,2022-03-23 07:58:39,March
83,10.3,0.0,1.0,10,9.5,10.5,2022-03-23 07:59:45,March
83,10.4,0.0,1.0,10,9.5,10.5,2022-03-23 08:01:58,March
83,10.3,0.0,1.0,10,9.5,10.5,2022-03-23 08:03:04,March
83,10.4,0.0,1.0,10,9.5,10.5,2022-03-23 08:04:10,March
83,10.3,0.0,1.0,10,9.5,10.5,2022-03-23 08:08:34,March
83,10.4,0.0,1.0,10,9.5,10.5,2022-03-23 08:10:47,March
83,10.3,0.0,1.0,10,9.5,10.5,2022-03-23 08:13:00,March
83,10.5,0.0,1.0,10,9.5,10.5,2022-03-23 08:15:12,March
83,10.4,0.0,1.0,10,9.5,10.5,2022-03-23 08:18:30,March
83,10.5,0.0,1.0,10,9.5,10.5,2022-03-23 08:24:01,March
83,10.6,0.0,1.0,10,9.5,10.5,2022-03-23 08:26:14,March
83,10.7,0.0,1.0,10,9.5,10.5,2022-03-23 08:28:26,March
83,10.8,0.0,1.0,10,9.5,10.5,2022-03-23 08:29:32,March
83,10.7,0.0,1.0,10,9.5,10.5,2022-03-23 08:31:45,March
83,10.5,0.0,1.0,10,9.5,10.5,2022-03-23 08:32:51,March
83,10.3,0.0,1.0,10,9.5,10.5,2022-03-23 08:33:57,March
83,10.2,0.0,1.0,10,9.5,10.5,2022-03-23 08:35:03,March
83,10.3,0.0,1.0,10,9.5,10.5,2022-03-23 08:36:08,March
83,10.4,0.0,1.0,10,9.5,10.5,2022-03-23 08:37:15,March
83,10.5,0.0,1.0,10,9.5,10.5,2022-03-23 08:38:21,March
83,10.6,0.0,1.0,10,9.5,10.5,2022-03-23 08:39:27,March
83,10.4,0.0,1.0,10,9.5,10.5,2022-03-23 08:41:39,March
83,10.3,0.0,1.0,10,9.5,10.5,2022-03-23 08:42:45,March
83,10.2,0.0,1.0,10,9.5,10.5,2022-03-23 08:43:51,March
83,10.1,0.0,1.0,10,9.5,10.5,2022-03-23 08:47:10,March
83,10.2,0.0,1.0,10,9.5,10.5,2022-03-23 08:49:22,March
83,10.4,0.0,1.0,10,9.5,10.5,2022-03-23 08:50:28,March
83,10.5,0.0,1.0,10,9.5,10.5,2022-03-23 08:53:46,March
83,10.2,0.0,1.0,10,9.5,10.5,2022-03-23 08:57:05,March
83,10.0,0.0,1.0,10,9.5,10.5,2022-03-23 08:58:11,March
83,9.9,0.0,0.0,10,9.5,10.5,2022-03-23 08:59:17,March
83,9.8,0.0,0.0,10,9.5,10.5,2022-03-23 09:00:23,March
83,9.7,0.0,0.0,10,9.5,10.5,2022-03-23 09:01:29,March
83,9.8,1.0,0.0,10,9.5,10.5,2022-03-23 09:03:42,March
83,10.0,1.0,0.0,10,9.5,10.5,2022-03-23 09:04:48,March
83,10.3,0.0,1.0,10,9.5,10.5,2022-03-23 09:05:54,March
83,10.5,0.0,1.0,10,9.5,10.5,2022-03-23 09:07:00,March
83,10.4,0.0,1.0,10,9.5,10.5,2022-03-23 09:09:13,March
83,10.2,0.0,1.0,10,9.5,10.5,2022-03-23 09:10:19,March
83,10.1,0.0,1.0,10,9.5,10.5,2022-03-23 09:11:25,March
83,10.2,0.0,1.0,10,9.5,10.5,2022-03-23 09:13:37,March
83,10.0,0.0,0.0,10,9.5,10.5,2022-03-23 09:20:14,March
83,9.8,0.0,0.0,10,9.5,10.5,2022-03-23 09:21:20,March
83,9.8,1.0,0.0,10,9.5,10.5,2022-03-23 09:22:26,March
83,9.6,1.0,0.0,10,9.5,10.5,2022-03-23 09:23:32,March
83,9.7,1.0,0.0,10,9.5,10.5,2022-03-23 09:24:38,March
83,9.7,0.0,0.0,10,9.5,10.5,2022-03-23 09:25:44,March
83,10.4,0.0,1.0,10,9.5,10.5,2022-03-23 09:26:50,March
83,10.6,0.0,1.0,10,9.5,10.5,2022-03-23 09:27:56,March
83,10.7,0.0,1.0,10,9.5,10.5,2022-03-23 09:31:15,March
83,10.8,0.0,1.0,10,9.5,10.5,2022-03-23 09:32:21,March
83,10.9,0.0,1.0,10,9.5,10.5,2022-03-23 09:33:27,March
83,11.0,0.0,1.0,10,9.5,10.5,2022-03-23 09:34:33,March
83,10.9,0.0,1.0,10,9.5,10.5,2022-03-23 09:36:45,March
83,10.8,0.0,1.0,10,9.5,10.5,2022-03-23 09:37:51,March
83,10.9,0.0,1.0,10,9.5,10.5,2022-03-23 09:40:03,March
83,10.8,0.0,1.0,10,9.5,10.5,2022-03-23 09:41:10,March
83,10.9,0.0,1.0,10,9.5,10.5,2022-03-23 09:43:23,March
83,11.0,0.0,1.0,10,9.5,10.5,2022-03-23 09:45:35,March
83,10.9,0.0,1.0,10,9.5,10.5,2022-03-23 09:46:41,March
83,10.8,0.0,1.0,10,9.5,10.5,2022-03-23 09:47:47,March
83,10.7,0.0,1.0,10,9.5,10.5,2022-03-23 09:48:54,March
83,10.8,0.0,1.0,10,9.5,10.5,2022-03-23 09:51:06,March
83,10.9,0.0,1.0,10,9.5,10.5,2022-03-23 09:52:12,March
83,11.0,0.0,1.0,10,9.5,10.5,2022-03-23 09:54:24,March
83,10.9,0.0,1.0,10,9.5,10.5,2022-03-23 09:57:43,March
83,10.8,0.0,1.0,10,9.5,10.5,2022-03-23 09:58:49,March
83,10.9,0.0,1.0,10,9.5,10.5,2022-03-23 10:02:07,March
83,11.0,0.0,1.0,10,9.5,10.5,2022-03-23 10:04:20,March
83,10.9,0.0,1.0,10,9.5,10.5,2022-03-23 10:08:44,March
83,11.0,0.0,1.0,10,9.5,10.5,2022-03-23 10:12:02,March
83,11.1,0.0,1.0,10,9.5,10.5,2022-03-23 10:14:15,March
83,11.0,0.0,1.0,10,9.5,10.5,2022-03-23 10:19:45,March
83,10.9,0.0,1.0,10,9.5,10.5,2022-03-23 10:20:51,March
83,10.8,0.0,1.0,10,9.5,10.5,2022-03-23 10:23:04,March
83,10.6,0.0,1.0,10,9.5,10.5,2022-03-23 10:25:16,March
83,10.5,0.0,1.0,10,9.5,10.5,2022-03-23 10:26:22,March
83,10.4,0.0,1.0,10,9.5,10.5,2022-03-23 10:27:28,March
83,10.3,0.0,1.0,10,9.5,10.5,2022-03-23 10:28:34,March
83,10.2,0.0,1.0,10,9.5,10.5,2022-03-23 10:31:53,March
83,10.1,0.0,1.0,10,9.5,10.5,2022-03-23 10:34:05,March
83,10.0,0.0,1.0,10,9.5,10.5,2022-03-23 10:35:11,March
83,10.0,0.0,0.0,10,9.5,10.5,2022-03-23 10:36:17,March
83,9.9,0.0,0.0,10,9.5,10.5,2022-03-23 10:37:23,March
83,9.7,0.0,0.0,10,9.5,10.5,2022-03-23 10:39:35,March
83,9.7,1.0,0.0,10,9.5,10.5,2022-03-23 10:40:41,March
83,9.9,1.0,0.0,10,9.5,10.5,2022-03-23 10:41:48,March
83,9.9,0.0,0.0,10,9.5,10.5,2022-03-23 10:42:54,March
83,10.3,0.0,1.0,10,9.5,10.5,2022-03-23 10:44:00,March
83,10.5,0.0,1.0,10,9.5,10.5,2022-03-23 10:45:06,March
83,10.6,0.0,1.0,10,9.5,10.5,2022-03-23 10:46:12,March
83,10.7,0.0,1.0,10,9.5,10.5,2022-03-23 10:47:18,March
83,10.6,0.0,1.0,10,9.5,10.5,2022-03-23 10:49:30,March
83,10.5,0.0,1.0,10,9.5,10.5,2022-03-23 10:51:42,March
83,10.6,0.0,1.0,10,9.5,10.5,2022-03-23 10:56:06,March
83,10.7,0.0,1.0,10,9.5,10.5,2022-03-23 10:57:13,March
83,10.8,0.0,1.0,10,9.5,10.5,2022-03-23 10:59:25,March
83,10.7,0.0,1.0,10,9.5,10.5,2022-03-23 11:01:37,March
83,10.6,0.0,1.0,10,9.5,10.5,2022-03-23 11:03:49,March
83,10.8,0.0,1.0,10,9.5,10.5,2022-03-23 11:04:55,March
83,10.9,0.0,1.0,10,9.5,10.5,2022-03-23 11:07:08,March
83,11.0,0.0,1.0,10,9.5,10.5,2022-03-23 11:09:20,March
83,11.1,0.0,1.0,10,9.5,10.5,2022-03-23 11:12:38,March
83,11.0,0.0,1.0,10,9.5,10.5,2022-03-23 11:13:44,March
83,10.8,0.0,1.0,10,9.5,10.5,2022-03-23 11:17:03,March
83,10.6,0.0,1.0,10,9.5,10.5,2022-03-23 11:18:09,March
83,10.5,0.0,1.0,10,9.5,10.5,2022-03-23 11:19:15,March
83,10.4,0.0,1.0,10,9.5,10.5,2022-03-23 11:20:21,March
83,10.6,0.0,1.0,10,9.5,10.5,2022-03-23 11:22:33,March
83,10.8,0.0,1.0,10,9.5,10.5,2022-03-23 11:23:39,March
83,10.9,0.0,1.0,10,9.5,10.5,2022-03-23 11:24:45,March
83,11.0,0.0,1.0,10,9.5,10.5,2022-03-23 11:26:57,March
83,11.1,0.0,1.0,10,9.5,10.5,2022-03-23 11:28:04,March
83,11.2,0.0,1.0,10,9.5,10.5,2022-03-23 11:30:16,March
83,11.1,0.0,1.0,10,9.5,10.5,2022-03-23 11:33:34,March
83,11.0,0.0,1.0,10,9.5,10.5,2022-03-23 11:34:40,March
83,10.9,0.0,1.0,10,9.5,10.5,2022-03-23 11:35:46,March
83,10.8,0.0,1.0,10,9.5,10.5,2022-03-23 11:36:52,March
83,10.7,0.0,1.0,10,9.5,10.5,2022-03-23 11:39:05,March
83,10.6,0.0,1.0,10,9.5,10.5,2022-03-23 11:41:18,March
83,10.4,0.0,1.0,10,9.5,10.5,2022-03-23 11:43:30,March
83,10.3,0.0,1.0,10,9.5,10.5,2022-03-23 11:44:37,March
83,10.1,0.0,1.0,10,9.5,10.5,2022-03-23 11:45:43,March
83,10.0,0.0,0.0,10,9.5,10.5,2022-03-23 11:46:49,March
83,9.9,0.0,0.0,10,9.5,10.5,2022-03-23 11:47:55,March
83,9.8,0.0,0.0,10,9.5,10.5,2022-03-23 11:51:13,March
83,10.0,0.0,0.0,10,9.5,10.5,2022-03-23 11:54:31,March
83,10.1,0.0,0.0,10,9.5,10.5,2022-03-23 11:55:37,March
83,10.0,0.0,0.0,10,9.5,10.5,2022-03-23 11:56:43,March
83,10.1,0.0,0.0,10,9.5,10.5,2022-03-23 11:57:50,March
83,10.2,0.0,0.0,10,9.5,10.5,2022-03-23 11:58:56,March
83,10.3,0.0,1.0,10,9.5,10.5,2022-03-23 12:00:02,March
83,10.4,0.0,1.0,10,9.5,10.5,2022-03-23 12:01:08,March
83,10.3,0.0,1.0,10,9.5,10.5,2022-03-23 12:04:26,March
83,10.2,0.0,1.0,10,9.5,10.5,2022-03-23 12:05:33,March
83,10.0,0.0,1.0,10,9.5,10.5,2022-03-23 12:06:39,March
83,10.0,0.0,0.0,10,9.5,10.5,2022-03-23 12:07:46,March
83,9.9,0.0,0.0,10,9.5,10.5,2022-03-23 12:08:52,March
83,10.0,0.0,0.0,10,9.5,10.5,2022-03-23 12:11:04,March
83,10.2,0.0,0.0,10,9.5,10.5,2022-03-23 12:12:10,March
83,10.3,0.0,1.0,10,9.5,10.5,2022-03-23 12:13:16,March
83,10.4,0.0,1.0,10,9.5,10.5,2022-03-23 12:14:22,March
83,10.5,0.0,1.0,10,9.5,10.5,2022-03-23 12:17:41,March
83,10.4,0.0,1.0,10,9.5,10.5,2022-03-23 12:18:47,March
83,10.3,0.0,1.0,10,9.5,10.5,2022-03-23 12:19:53,March
83,10.1,0.0,1.0,10,9.5,10.5,2022-03-23 12:20:59,March
83,10.0,0.0,1.0,10,9.5,10.5,2022-03-23 12:22:05,March
83,9.9,0.0,0.0,10,9.5,10.5,2022-03-23 12:23:11,March
83,10.0,0.0,0.0,10,9.5,10.5,2022-03-23 12:27:35,March
83,10.1,0.0,0.0,10,9.5,10.5,2022-03-23 12:28:41,March
83,10.2,0.0,0.0,10,9.5,10.5,2022-03-23 12:29:47,March
83,10.4,0.0,1.0,10,9.5,10.5,2022-03-23 12:30:54,March
83,10.5,0.0,1.0,10,9.5,10.5,2022-03-23 12:32:00,March
83,10.6,0.0,1.0,10,9.5,10.5,2022-03-23 12:35:18,March
83,10.7,0.0,1.0,10,9.5,10.5,2022-03-23 12:36:24,March
83,10.8,0.0,1.0,10,9.5,10.5,2022-03-23 12:37:31,March
83,10.9,0.0,1.0,10,9.5,10.5,2022-03-23 12:39:43,March
83,10.8,0.0,1.0,10,9.5,10.5,2022-03-23 12:41:55,March
83,10.6,0.0,1.0,10,9.5,10.5,2022-03-23 12:43:01,March
83,10.5,0.0,1.0,10,9.5,10.5,2022-03-23 12:45:14,March
83,10.4,0.0,1.0,10,9.5,10.5,2022-03-23 12:47:26,March
83,10.2,0.0,1.0,10,9.5,10.5,2022-03-23 12:48:32,March
83,10.1,0.0,1.0,10,9.5,10.5,2022-03-23 12:49:38,March
83,10.2,0.0,1.0,10,9.5,10.5,2022-03-23 12:52:56,March
83,10.3,0.0,1.0,10,9.5,10.5,2022-03-23 12:55:09,March
83,10.2,0.0,1.0,10,9.5,10.5,2022-03-23 12:57:21,March
83,10.1,0.0,1.0,10,9.5,10.5,2022-03-23 12:58:27,March
83,9.9,0.0,0.0,10,9.5,10.5,2022-03-23 12:59:34,March
83,9.8,0.0,0.0,10,9.5,10.5,2022-03-23 13:00:40,March
83,9.9,0.0,0.0,10,9.5,10.5,2022-03-23 13:01:46,March
83,10.0,0.0,0.0,10,9.5,10.5,2022-03-23 13:05:04,March
83,9.9,0.0,0.0,10,9.5,10.5,2022-03-23 13:06:10,March
83,9.8,0.0,0.0,10,9.5,10.5,2022-03-23 13:08:22,March
83,9.9,0.0,0.0,10,9.5,10.5,2022-03-23 13:10:34,March
83,10.0,0.0,0.0,10,9.5,10.5,2022-03-23 13:11:40,March
83,10.1,0.0,0.0,10,9.5,10.5,2022-03-23 13:13:53,March
83,10.2,0.0,0.0,10,9.5,10.5,2022-03-23 13:14:59,March
83,10.3,0.0,1.0,10,9.5,10.5,2022-03-23 13:16:04,March
83,10.2,0.0,1.0,10,9.5,10.5,2022-03-23 13:19:23,March
83,10.3,0.0,1.0,10,9.5,10.5,2022-03-23 13:22:41,March
83,10.2,0.0,1.0,10,9.5,10.5,2022-03-23 13:26:00,March
83,10.1,0.0,1.0,10,9.5,10.5,2022-03-23 13:27:06,March
83,10.2,0.0,1.0,10,9.5,10.5,2022-03-23 13:30:24,March
83,10.3,0.0,1.0,10,9.5,10.5,2022-03-23 13:33:43,March
83,10.4,0.0,1.0,10,9.5,10.5,2022-03-23 13:34:49,March
83,10.5,0.0,1.0,10,9.5,10.5,2022-03-23 13:38:08,March
83,10.4,0.0,1.0,10,9.5,10.5,2022-03-23 13:41:26,March
83,10.3,0.0,1.0,10,9.5,10.5,2022-03-23 13:42:32,March
83,10.2,0.0,1.0,10,9.5,10.5,2022-03-23 13:45:51,March
83,10.4,0.0,1.0,10,9.5,10.5,2022-03-23 13:52:27,March
83,10.5,0.0,1.0,10,9.5,10.5,2022-03-23 13:53:34,March
83,10.6,0.0,1.0,10,9.5,10.5,2022-03-23 13:55:46,March
83,10.5,0.0,1.0,10,9.5,10.5,2022-03-23 13:56:52,March
83,10.4,0.0,1.0,10,9.5,10.5,2022-03-23 13:59:04,March
83,10.3,0.0,1.0,10,9.5,10.5,2022-03-23 14:00:10,March
83,9.9,0.0,0.0,10,9.5,10.5,2022-03-23 14:02:23,March
83,9.8,0.0,0.0,10,9.5,10.5,2022-03-23 14:04:35,March
83,9.9,0.0,0.0,10,9.5,10.5,2022-03-23 14:06:48,March
83,10.0,0.0,0.0,10,9.5,10.5,2022-03-23 14:07:54,March
83,9.9,0.0,0.0,10,9.5,10.5,2022-03-23 14:11:12,March
83,10.0,0.0,0.0,10,9.5,10.5,2022-03-23 14:12:18,March
83,9.9,0.0,0.0,10,9.5,10.5,2022-03-23 14:14:31,March
83,10.1,0.0,0.0,10,9.5,10.5,2022-03-23 14:17:49,March
83,10.2,0.0,0.0,10,9.5,10.5,2022-03-23 14:18:55,March
83,10.4,0.0,1.0,10,9.5,10.5,2022-03-23 14:20:01,March
83,10.2,0.0,1.0,10,9.5,10.5,2022-03-23 14:23:20,March
83,10.1,0.0,1.0,10,9.5,10.5,2022-03-23 14:25:32,March
83,10.2,0.0,1.0,10,9.5,10.5,2022-03-23 14:28:50,March
83,10.1,0.0,1.0,10,9.5,10.5,2022-03-23 14:31:02,March
83,9.9,0.0,0.0,10,9.5,10.5,2022-03-23 14:32:08,March
83,9.8,0.0,0.0,10,9.5,10.5,2022-03-23 14:34:20,March
83,9.9,0.0,0.0,10,9.5,10.5,2022-03-23 14:37:38,March
83,10.0,0.0,0.0,10,9.5,10.5,2022-03-23 14:39:50,March
83,10.2,0.0,0.0,10,9.5,10.5,2022-03-23 14:40:56,March
83,10.3,0.0,1.0,10,9.5,10.5,2022-03-23 14:42:03,March
83,10.4,0.0,1.0,10,9.5,10.5,2022-03-23 14:43:09,March
83,10.5,0.0,1.0,10,9.5,10.5,2022-03-23 14:48:39,March
83,10.4,0.0,1.0,10,9.5,10.5,2022-03-23 14:49:45,March
83,10.5,0.0,1.0,10,9.5,10.5,2022-03-23 14:50:51,March
83,10.6,0.0,1.0,10,9.5,10.5,2022-03-23 14:54:10,March
83,10.5,0.0,1.0,10,9.5,10.5,2022-03-23 14:58:34,March
83,10.4,0.0,1.0,10,9.5,10.5,2022-03-23 15:00:47,March
83,10.3,0.0,1.0,10,9.5,10.5,2022-03-23 15:07:23,March
83,10.2,0.0,1.0,10,9.5,10.5,2022-03-23 15:08:29,March
83,10.1,0.0,1.0,10,9.5,10.5,2022-03-23 15:09:35,March
83,10.0,0.0,1.0,10,9.5,10.5,2022-03-23 15:14:00,March
83,9.9,0.0,0.0,10,9.5,10.5,2022-03-23 15:15:06,March
83,9.9,1.0,0.0,10,9.5,10.5,2022-03-23 15:16:12,March
83,9.9,1.0,0.0,10,9.5,10.5,2022-03-23 15:18:24,March
83,10.1,1.0,0.0,10,9.5,10.5,2022-03-23 15:19:30,March
83,10.3,0.0,1.0,10,9.5,10.5,2022-03-23 15:20:36,March
83,10.4,0.0,1.0,10,9.5,10.5,2022-03-23 15:21:43,March
83,10.3,0.0,1.0,10,9.5,10.5,2022-03-23 15:26:07,March
83,10.2,0.0,1.0,10,9.5,10.5,2022-03-23 15:31:37,March
83,10.1,0.0,1.0,10,9.5,10.5,2022-03-23 15:32:44,March
83,10.2,0.0,1.0,10,9.5,10.5,2022-03-23 15:33:50,March
83,10.3,0.0,1.0,10,9.5,10.5,2022-03-23 15:34:56,March
83,10.4,0.0,1.0,10,9.5,10.5,2022-03-23 15:36:02,March
83,10.5,0.0,1.0,10,9.5,10.5,2022-03-23 15:40:27,March
83,10.4,0.0,1.0,10,9.5,10.5,2022-03-23 15:41:33,March
83,10.3,0.0,1.0,10,9.5,10.5,2022-03-23 15:44:51,March
83,10.2,0.0,1.0,10,9.5,10.5,2022-03-23 15:45:57,March
83,10.1,0.0,1.0,10,9.5,10.5,2022-03-23 15:49:16,March
83,10.0,0.0,1.0,10,9.5,10.5,2022-03-23 15:50:22,March
83,9.9,0.0,0.0,10,9.5,10.5,2022-03-23 15:51:28,March
83,9.8,0.0,0.0,10,9.5,10.5,2022-03-23 15:54:46,March
83,9.9,0.0,0.0,10,9.5,10.5,2022-03-23 15:55:52,March
83,10.1,0.0,0.0,10,9.5,10.5,2022-03-23 15:56:58,March
83,10.2,0.0,0.0,10,9.5,10.5,2022-03-23 15:59:11,March
83,10.3,0.0,1.0,10,9.5,10.5,2022-03-23 16:00:17,March
83,10.4,0.0,1.0,10,9.5,10.5,2022-03-23 16:01:23,March
83,10.5,0.0,1.0,10,9.5,10.5,2022-03-23 16:05:48,March
83,10.6,0.0,1.0,10,9.5,10.5,2022-03-23 16:06:54,March
83,10.7,0.0,1.0,10,9.5,10.5,2022-03-23 16:09:06,March
83,10.6,0.0,1.0,10,9.5,10.5,2022-03-23 16:11:18,March
83,10.5,0.0,1.0,10,9.5,10.5,2022-03-23 16:14:37,March
83,10.4,0.0,1.0,10,9.5,10.5,2022-03-23 16:21:13,March
83,10.3,0.0,1.0,10,9.5,10.5,2022-03-23 16:23:25,March
83,10.4,0.0,1.0,10,9.5,10.5,2022-03-23 16:31:09,March
83,10.3,0.0,1.0,10,9.5,10.5,2022-03-23 16:32:15,March
83,10.1,0.0,1.0,10,9.5,10.5,2022-03-23 16:33:21,March
83,9.9,0.0,0.0,10,9.5,10.5,2022-03-23 16:34:27,March
83,9.8,0.0,0.0,10,9.5,10.5,2022-03-23 16:35:34,March
83,9.7,0.0,0.0,10,9.5,10.5,2022-03-23 16:36:40,March
83,9.6,1.0,0.0,10,9.5,10.5,2022-03-23 16:37:46,March
83,9.7,1.0,0.0,10,9.5,10.5,2022-03-23 16:38:52,March
83,10.0,1.0,0.0,10,9.5,10.5,2022-03-23 16:39:58,March
83,10.0,0.0,0.0,10,9.5,10.5,2022-03-23 16:41:04,March
83,10.4,0.0,1.0,10,9.5,10.5,2022-03-23 16:42:10,March
83,10.5,0.0,1.0,10,9.5,10.5,2022-03-23 16:44:23,March
83,10.4,0.0,1.0,10,9.5,10.5,2022-03-23 16:45:29,March
83,10.3,0.0,1.0,10,9.5,10.5,2022-03-23 16:46:34,March
83,10.4,0.0,1.0,10,9.5,10.5,2022-03-23 16:48:47,March
83,10.5,0.0,1.0,10,9.5,10.5,2022-03-23 16:51:00,March
83,10.6,0.0,1.0,10,9.5,10.5,2022-03-23 16:53:13,March
83,10.5,0.0,1.0,10,9.5,10.5,2022-03-23 16:54:19,March
83,10.4,0.0,1.0,10,9.5,10.5,2022-03-23 16:56:31,March
83,10.5,0.0,1.0,10,9.5,10.5,2022-03-23 16:57:38,March
83,10.6,0.0,1.0,10,9.5,10.5,2022-03-23 16:59:50,March
83,10.7,0.0,1.0,10,9.5,10.5,2022-03-23 17:00:56,March
83,10.6,0.0,1.0,10,9.5,10.5,2022-03-23 17:04:14,March
83,10.7,0.0,1.0,10,9.5,10.5,2022-03-23 17:07:33,March
83,10.6,0.0,1.0,10,9.5,10.5,2022-03-23 17:11:58,March
83,10.7,0.0,1.0,10,9.5,10.5,2022-03-23 17:14:10,March
83,10.6,0.0,1.0,10,9.5,10.5,2022-03-23 17:16:22,March
83,10.7,0.0,1.0,10,9.5,10.5,2022-03-23 17:19:41,March
83,10.6,0.0,1.0,10,9.5,10.5,2022-03-23 17:20:47,March
83,10.5,0.0,1.0,10,9.5,10.5,2022-03-23 17:27:24,March
83,10.4,0.0,1.0,10,9.5,10.5,2022-03-23 17:28:30,March
83,10.3,0.0,1.0,10,9.5,10.5,2022-03-23 17:29:36,March
83,10.2,0.0,1.0,10,9.5,10.5,2022-03-23 17:30:42,March
83,10.4,0.0,1.0,10,9.5,10.5,2022-03-23 17:32:54,March
83,10.5,0.0,1.0,10,9.5,10.5,2022-03-23 17:34:00,March
83,10.6,0.0,1.0,10,9.5,10.5,2022-03-23 17:35:07,March
83,10.4,0.0,1.0,10,9.5,10.5,2022-03-23 17:37:19,March
83,10.5,0.0,1.0,10,9.5,10.5,2022-03-23 17:41:43,March
83,10.6,0.0,1.0,10,9.5,10.5,2022-03-23 17:42:49,March
83,10.5,0.0,1.0,10,9.5,10.5,2022-03-23 17:45:02,March
83,10.6,0.0,1.0,10,9.5,10.5,2022-03-23 17:47:14,March
83,10.7,0.0,1.0,10,9.5,10.5,2022-03-23 17:49:26,March
83,10.8,0.0,1.0,10,9.5,10.5,2022-03-23 17:56:02,March
83,10.7,0.0,1.0,10,9.5,10.5,2022-03-23 17:58:15,March
83,10.6,0.0,1.0,10,9.5,10.5,2022-03-23 17:59:21,March
83,10.5,0.0,1.0,10,9.5,10.5,2022-03-23 18:01:33,March
83,10.4,0.0,1.0,10,9.5,10.5,2022-03-23 18:02:40,March
83,10.3,0.0,1.0,10,9.5,10.5,2022-03-23 18:03:46,March
83,10.2,0.0,1.0,10,9.5,10.5,2022-03-23 18:05:58,March
83,10.0,0.0,1.0,10,9.5,10.5,2022-03-23 18:08:11,March
83,9.8,0.0,0.0,10,9.5,10.5,2022-03-23 18:09:17,March
83,9.7,0.0,0.0,10,9.5,10.5,2022-03-23 18:10:24,March
83,9.6,1.0,0.0,10,9.5,10.5,2022-03-23 18:11:30,March
83,9.5,1.0,0.0,10,9.5,10.5,2022-03-23 18:12:36,March
83,9.7,1.0,0.0,10,9.5,10.5,2022-03-23 18:13:42,March
83,10.0,1.0,0.0,10,9.5,10.5,2022-03-23 18:14:48,March
83,10.0,0.0,0.0,10,9.5,10.5,2022-03-23 18:15:54,March
83,10.4,0.0,1.0,10,9.5,10.5,2022-03-23 18:17:01,March
83,10.5,0.0,1.0,10,9.5,10.5,2022-03-23 18:18:07,March
83,10.6,0.0,1.0,10,9.5,10.5,2022-03-23 18:19:13,March
83,10.7,0.0,1.0,10,9.5,10.5,2022-03-23 18:20:19,March
83,10.6,0.0,1.0,10,9.5,10.5,2022-03-23 18:21:25,March
83,10.7,0.0,1.0,10,9.5,10.5,2022-03-23 18:22:31,March
83,10.8,0.0,1.0,10,9.5,10.5,2022-03-23 18:29:08,March
83,10.7,0.0,1.0,10,9.5,10.5,2022-03-23 18:30:15,March
83,10.8,0.0,1.0,10,9.5,10.5,2022-03-23 18:31:21,March
83,10.7,0.0,1.0,10,9.5,10.5,2022-03-23 18:34:40,March
83,10.8,0.0,1.0,10,9.5,10.5,2022-03-23 18:42:24,March
83,10.7,0.0,1.0,10,9.5,10.5,2022-03-23 18:43:31,March
83,10.6,0.0,1.0,10,9.5,10.5,2022-03-23 18:46:50,March
83,10.7,0.0,1.0,10,9.5,10.5,2022-03-23 18:47:56,March
83,10.8,0.0,1.0,10,9.5,10.5,2022-03-23 18:50:09,March
83,10.9,0.0,1.0,10,9.5,10.5,2022-03-23 18:58:59,March
83,10.8,0.0,1.0,10,9.5,10.5,2022-03-23 19:00:05,March
83,10.9,0.0,1.0,10,9.5,10.5,2022-03-23 19:01:11,March
83,10.8,0.0,1.0,10,9.5,10.5,2022-03-23 19:04:30,March
83,10.7,0.0,1.0,10,9.5,10.5,2022-03-23 19:06:42,March
83,10.6,0.0,1.0,10,9.5,10.5,2022-03-23 19:07:49,March
83,10.5,0.0,1.0,10,9.5,10.5,2022-03-23 19:08:55,March
83,10.6,0.0,1.0,10,9.5,10.5,2022-03-23 19:10:01,March
83,10.7,0.0,1.0,10,9.5,10.5,2022-03-23 19:12:13,March
83,10.6,0.0,1.0,10,9.5,10.5,2022-03-23 19:15:32,March
83,10.5,0.0,1.0,10,9.5,10.5,2022-03-23 19:16:39,March
83,10.3,0.0,1.0,10,9.5,10.5,2022-03-23 19:17:45,March
83,10.2,0.0,1.0,10,9.5,10.5,2022-03-23 19:19:58,March
83,10.1,0.0,1.0,10,9.5,10.5,2022-03-23 19:21:04,March
83,10.0,0.0,0.0,10,9.5,10.5,2022-03-23 19:22:11,March
83,9.8,0.0,0.0,10,9.5,10.5,2022-03-23 19:25:29,March
83,9.6,0.0,0.0,10,9.5,10.5,2022-03-23 19:26:36,March
83,9.5,1.0,0.0,10,9.5,10.5,2022-03-23 19:27:42,March
83,9.8,1.0,0.0,10,9.5,10.5,2022-03-23 19:29:54,March
83,9.8,0.0,0.0,10,9.5,10.5,2022-03-23 19:31:00,March
83,10.3,0.0,1.0,10,9.5,10.5,2022-03-23 19:32:07,March
83,10.5,0.0,1.0,10,9.5,10.5,2022-03-23 19:33:13,March
83,10.6,0.0,1.0,10,9.5,10.5,2022-03-23 19:34:19,March
83,10.5,0.0,1.0,10,9.5,10.5,2022-03-23 19:35:25,March
83,10.6,0.0,1.0,10,9.5,10.5,2022-03-23 19:37:38,March
83,10.5,0.0,1.0,10,9.5,10.5,2022-03-23 19:39:51,March
83,10.6,0.0,1.0,10,9.5,10.5,2022-03-23 19:43:10,March
83,10.5,0.0,1.0,10,9.5,10.5,2022-03-23 19:45:22,March
83,10.4,0.0,1.0,10,9.5,10.5,2022-03-23 19:47:35,March
83,10.5,0.0,1.0,10,9.5,10.5,2022-03-23 19:49:48,March
83,10.6,0.0,1.0,10,9.5,10.5,2022-03-23 19:52:00,March
83,10.5,0.0,1.0,10,9.5,10.5,2022-03-23 19:55:19,March
83,10.3,0.0,1.0,10,9.5,10.5,2022-03-23 19:58:52,March
83,10.2,0.0,1.0,10,9.5,10.5,2022-03-23 19:59:58,March
83,10.1,0.0,1.0,10,9.5,10.5,2022-03-23 20:01:05,March
83,10.2,0.0,1.0,10,9.5,10.5,2022-03-23 20:03:17,March
83,10.4,0.0,1.0,10,9.5,10.5,2022-03-23 20:04:24,March
83,10.5,0.0,1.0,10,9.5,10.5,2022-03-23 20:08:48,March
83,10.4,0.0,1.0,10,9.5,10.5,2022-03-23 20:11:02,March
83,10.3,0.0,1.0,10,9.5,10.5,2022-03-23 20:13:14,March
83,10.4,0.0,1.0,10,9.5,10.5,2022-03-23 20:18:46,March
83,10.3,0.0,1.0,10,9.5,10.5,2022-03-23 20:20:58,March
83,10.2,0.0,1.0,10,9.5,10.5,2022-03-23 20:23:11,March
83,10.3,0.0,1.0,10,9.5,10.5,2022-03-23 20:24:17,March
83,10.2,0.0,1.0,10,9.5,10.5,2022-03-23 20:25:23,March
83,10.4,0.0,1.0,10,9.5,10.5,2022-03-23 20:27:36,March
83,10.5,0.0,1.0,10,9.5,10.5,2022-03-23 20:28:42,March
83,10.6,0.0,1.0,10,9.5,10.5,2022-03-23 20:29:48,March
83,10.5,0.0,1.0,10,9.5,10.5,2022-03-23 20:34:12,March
83,10.6,0.0,1.0,10,9.5,10.5,2022-03-23 20:35:19,March
83,10.7,0.0,1.0,10,9.5,10.5,2022-03-23 20:36:25,March
83,10.8,0.0,1.0,10,9.5,10.5,2022-03-23 20:39:43,March
83,10.7,0.0,1.0,10,9.5,10.5,2022-03-23 20:41:56,March
83,10.6,0.0,1.0,10,9.5,10.5,2022-03-23 20:43:02,March
83,10.4,0.0,1.0,10,9.5,10.5,2022-03-23 20:45:15,March
83,10.1,0.0,1.0,10,9.5,10.5,2022-03-23 20:46:21,March
83,10.0,0.0,0.0,10,9.5,10.5,2022-03-23 20:47:27,March
83,9.8,0.0,0.0,10,9.5,10.5,2022-03-23 20:48:33,March
83,9.9,0.0,0.0,10,9.5,10.5,2022-03-23 20:50:45,March
83,9.8,0.0,0.0,10,9.5,10.5,2022-03-23 20:54:04,March
83,9.8,1.0,0.0,10,9.5,10.5,2022-03-23 20:55:11,March
83,9.8,1.0,0.0,10,9.5,10.5,2022-03-23 20:56:17,March
83,10.1,1.0,0.0,10,9.5,10.5,2022-03-23 20:57:23,March
83,10.3,0.0,1.0,10,9.5,10.5,2022-03-23 20:58:29,March
83,10.4,0.0,1.0,10,9.5,10.5,2022-03-23 20:59:35,March
83,10.5,0.0,1.0,10,9.5,10.5,2022-03-23 21:00:42,March
83,10.4,0.0,1.0,10,9.5,10.5,2022-03-23 21:06:12,March
83,10.3,0.0,1.0,10,9.5,10.5,2022-03-23 21:07:19,March
83,10.4,0.0,1.0,10,9.5,10.5,2022-03-23 21:16:08,March
83,10.5,0.0,1.0,10,9.5,10.5,2022-03-23 21:17:14,March
83,10.6,0.0,1.0,10,9.5,10.5,2022-03-23 21:18:21,March
83,10.5,0.0,1.0,10,9.5,10.5,2022-03-23 21:27:09,March
83,10.6,0.0,1.0,10,9.5,10.5,2022-03-23 21:30:27,March
83,10.5,0.0,1.0,10,9.5,10.5,2022-03-23 21:34:53,March
83,10.3,0.0,1.0,10,9.5,10.5,2022-03-23 21:35:59,March
83,10.4,0.0,1.0,10,9.5,10.5,2022-03-23 21:40:23,March
83,10.5,0.0,1.0,10,9.5,10.5,2022-03-23 21:42:35,March
83,10.6,0.0,1.0,10,9.5,10.5,2022-03-23 21:43:41,March
83,10.7,0.0,1.0,10,9.5,10.5,2022-03-23 21:44:48,March
83,10.8,0.0,1.0,10,9.5,10.5,2022-03-23 21:49:12,March
83,10.7,0.0,1.0,10,9.5,10.5,2022-03-23 21:56:55,March
83,10.8,0.0,1.0,10,9.5,10.5,2022-03-23 21:58:01,March
83,10.9,0.0,1.0,10,9.5,10.5,2022-03-23 21:59:07,March
83,10.8,0.0,1.0,10,9.5,10.5,2022-03-23 22:01:20,March
83,10.7,0.0,1.0,10,9.5,10.5,2022-03-23 22:02:26,March
83,10.6,0.0,1.0,10,9.5,10.5,2022-03-23 22:04:38,March
83,10.5,0.0,1.0,10,9.5,10.5,2022-03-23 22:06:50,March
83,10.6,0.0,1.0,10,9.5,10.5,2022-03-23 22:09:03,March
83,10.7,0.0,1.0,10,9.5,10.5,2022-03-23 22:10:09,March
83,10.8,0.0,1.0,10,9.5,10.5,2022-03-23 22:12:21,March
83,10.7,0.0,1.0,10,9.5,10.5,2022-03-23 22:14:33,March
83,10.5,0.0,1.0,10,9.5,10.5,2022-03-23 22:15:39,March
83,10.2,0.0,1.0,10,9.5,10.5,2022-03-23 22:16:45,March
83,10.1,0.0,1.0,10,9.5,10.5,2022-03-23 22:17:51,March
83,9.9,0.0,0.0,10,9.5,10.5,2022-03-23 22:18:57,March
83,9.8,0.0,0.0,10,9.5,10.5,2022-03-23 22:21:10,March
83,9.8,1.0,0.0,10,9.5,10.5,2022-03-23 22:22:16,March
83,9.8,1.0,0.0,10,9.5,10.5,2022-03-23 22:24:28,March
83,9.8,0.0,0.0,10,9.5,10.5,2022-03-23 22:25:34,March
83,10.2,0.0,0.0,10,9.5,10.5,2022-03-23 22:26:40,March
83,10.3,0.0,1.0,10,9.5,10.5,2022-03-23 22:27:46,March
83,10.4,0.0,1.0,10,9.5,10.5,2022-03-23 22:29:59,March
83,10.3,0.0,1.0,10,9.5,10.5,2022-03-23 22:32:11,March
83,10.2,0.0,1.0,10,9.5,10.5,2022-03-23 22:34:23,March
83,10.3,0.0,1.0,10,9.5,10.5,2022-03-23 22:36:35,March
83,10.4,0.0,1.0,10,9.5,10.5,2022-03-23 22:38:48,March
83,10.1,0.0,1.0,10,9.5,10.5,2022-03-23 22:39:54,March
83,9.9,0.0,0.0,10,9.5,10.5,2022-03-23 22:41:00,March
83,9.8,0.0,0.0,10,9.5,10.5,2022-03-23 22:42:06,March
83,9.8,1.0,0.0,10,9.5,10.5,2022-03-23 22:43:12,March
83,9.9,1.0,0.0,10,9.5,10.5,2022-03-23 22:44:18,March
83,10.1,1.0,0.0,10,9.5,10.5,2022-03-23 22:45:24,March
83,10.1,0.0,0.0,10,9.5,10.5,2022-03-23 22:46:31,March
83,10.5,0.0,1.0,10,9.5,10.5,2022-03-23 22:47:37,March
83,10.6,0.0,1.0,10,9.5,10.5,2022-03-23 22:48:43,March
83,10.7,0.0,1.0,10,9.5,10.5,2022-03-23 22:49:49,March
83,10.8,0.0,1.0,10,9.5,10.5,2022-03-23 22:54:13,March
83,10.7,0.0,1.0,10,9.5,10.5,2022-03-23 22:57:31,March
83,10.6,0.0,1.0,10,9.5,10.5,2022-03-23 22:58:38,March
83,10.5,0.0,1.0,10,9.5,10.5,2022-03-23 22:59:44,March
83,10.4,0.0,1.0,10,9.5,10.5,2022-03-23 23:00:50,March
83,10.3,0.0,1.0,10,9.5,10.5,2022-03-23 23:01:56,March
83,10.4,0.0,1.0,10,9.5,10.5,2022-03-23 23:04:08,March
83,10.5,0.0,1.0,10,9.5,10.5,2022-03-23 23:05:14,March
83,10.6,0.0,1.0,10,9.5,10.5,2022-03-23 23:06:20,March
83,10.7,0.0,1.0,10,9.5,10.5,2022-03-23 23:07:26,March
83,10.6,0.0,1.0,10,9.5,10.5,2022-03-23 23:10:45,March
83,10.5,0.0,1.0,10,9.5,10.5,2022-03-23 23:14:03,March
83,10.4,0.0,1.0,10,9.5,10.5,2022-03-23 23:16:15,March
83,10.5,0.0,1.0,10,9.5,10.5,2022-03-23 23:17:21,March
83,10.6,0.0,1.0,10,9.5,10.5,2022-03-23 23:18:27,March
83,10.7,0.0,1.0,10,9.5,10.5,2022-03-23 23:20:39,March
83,10.8,0.0,1.0,10,9.5,10.5,2022-03-23 23:22:52,March
83,10.7,0.0,1.0,10,9.5,10.5,2022-03-23 23:26:10,March
83,10.6,0.0,1.0,10,9.5,10.5,2022-03-23 23:27:16,March
83,10.7,0.0,1.0,10,9.5,10.5,2022-03-23 23:29:29,March
83,10.4,0.0,1.0,10,9.5,10.5,2022-03-23 23:31:41,March
83,10.3,0.0,1.0,10,9.5,10.5,2022-03-23 23:32:47,March
83,10.1,0.0,1.0,10,9.5,10.5,2022-03-23 23:33:53,March
83,10.2,0.0,1.0,10,9.5,10.5,2022-03-23 23:36:05,March
83,10.3,0.0,1.0,10,9.5,10.5,2022-03-23 23:37:11,March
83,10.5,0.0,1.0,10,9.5,10.5,2022-03-23 23:39:23,March
83,10.6,0.0,1.0,10,9.5,10.5,2022-03-23 23:41:36,March
83,10.7,0.0,1.0,10,9.5,10.5,2022-03-23 23:42:42,March
83,10.8,0.0,1.0,10,9.5,10.5,2022-03-23 23:43:48,March
83,10.9,0.0,1.0,10,9.5,10.5,2022-03-23 23:46:00,March
83,10.8,0.0,1.0,10,9.5,10.5,2022-03-23 23:49:19,March
83,10.7,0.0,1.0,10,9.5,10.5,2022-03-23 23:51:31,March
83,10.6,0.0,1.0,10,9.5,10.5,2022-03-23 23:52:37,March
83,10.5,0.0,1.0,10,9.5,10.5,2022-03-23 23:53:43,March
83,10.4,0.0,1.0,10,9.5,10.5,2022-03-23 23:57:02,March
83,10.3,0.0,1.0,10,9.5,10.5,2022-03-23 23:59:15,March
